統計年月,區域別,村里,戶數,人口數,人口數-男,人口數-女,0歲-男,0歲-女,1歲-男,1歲-女,2歲-男,2歲-女,3歲-男,3歲-女,4歲-男,4歲-女,5歲-男,5歲-女,6歲-男,6歲-女,7歲-男,7歲-女,8歲-男,8歲-女,9歲-男,9歲-女,10歲-男,10歲-女,11歲-男,11歲-女,12歲-男,12歲-女,13歲-男,13歲-女,14歲-男,14歲-女,15歲-男,15歲-女,16歲-男,16歲-女,17歲-男,17歲-女,18歲-男,18歲-女,19歲-男,19歲-女,20歲-男,20歲-女,21歲-男,21歲-女,22歲-男,22歲-女,23歲-男,23歲-女,24歲-男,24歲-女,25歲-男,25歲-女,26歲-男,26歲-女,27歲-男,27歲-女,28歲-男,28歲-女,29歲-男,29歲-女,30歲-男,30歲-女,31歲-男,31歲-女,32歲-男,32歲-女,33歲-男,33歲-女,34歲-男,34歲-女,35歲-男,35歲-女,36歲-男,36歲-女,37歲-男,37歲-女,38歲-男,38歲-女,39歲-男,39歲-女,40歲-男,40歲-女,41歲-男,41歲-女,42歲-男,42歲-女,43歲-男,43歲-女,44歲-男,44歲-女,45歲-男,45歲-女,46歲-男,46歲-女,47歲-男,47歲-女,48歲-男,48歲-女,49歲-男,49歲-女,50歲-男,50歲-女,51歲-男,51歲-女,52歲-男,52歲-女,53歲-男,53歲-女,54歲-男,54歲-女,55歲-男,55歲-女,56歲-男,56歲-女,57歲-男,57歲-女,58歲-男,58歲-女,59歲-男,59歲-女,60歲-男,60歲-女,61歲-男,61歲-女,62歲-男,62歲-女,63歲-男,63歲-女,64歲-男,64歲-女,65歲-男,65歲-女,66歲-男,66歲-女,67歲-男,67歲-女,68歲-男,68歲-女,69歲-男,69歲-女,70歲-男,70歲-女,71歲-男,71歲-女,72歲-男,72歲-女,73歲-男,73歲-女,74歲-男,74歲-女,75歲-男,75歲-女,76歲-男,76歲-女,77歲-男,77歲-女,78歲-男,78歲-女,79歲-男,79歲-女,80歲-男,80歲-女,81歲-男,81歲-女,82歲-男,82歲-女,83歲-男,83歲-女,84歲-男,84歲-女,85歲-男,85歲-女,86歲-男,86歲-女,87歲-男,87歲-女,88歲-男,88歲-女,89歲-男,89歲-女,90歲-男,90歲-女,91歲-男,91歲-女,92歲-男,92歲-女,93歲-男,93歲-女,94歲-男,94歲-女,95歲-男,95歲-女,96歲-男,96歲-女,97歲-男,97歲-女,98歲-男,98歲-女,99歲-男,99歲-女,100歲以上-男,100歲以上-女,
10401,花蓮縣花蓮市,主信里,311,765,354,411,2,2,4,4,4,4,9,6,3,4,8,1,2,6,3,5,4,4,8,4,1,3,5,5,2,8,10,7,3,7,4,5,4,7,4,4,5,2,6,3,4,6,5,3,4,3,5,5,4,2,4,3,5,1,1,2,5,5,2,8,7,7,7,8,5,11,8,8,6,9,8,7,4,6,2,9,5,6,1,3,1,6,3,5,7,7,7,7,6,3,4,5,4,7,4,5,2,10,7,6,3,4,2,9,3,6,7,6,4,5,4,7,3,3,2,4,7,10,10,5,5,4,4,4,4,4,8,7,7,5,1,5,5,5,3,5,4,1,4,6,3,3,3,1,4,1,1,5,5,3,2,2,4,2,2,1,0,1,1,4,2,3,1,2,0,4,0,2,0,1,1,2,2,3,0,1,2,1,1,0,1,0,0,0,1,0,0,0,0,0,0,0,0,0,0,0,0,0,0,0,0,0,
10401,花蓮縣花蓮市,主力里,1300,3370,1610,1760,12,5,16,9,14,9,9,13,5,14,16,12,24,11,14,27,25,16,25,25,26,25,35,19,20,21,20,29,33,24,19,26,28,12,29,35,23,15,23,17,28,24,29,24,31,12,24,22,18,25,25,16,20,23,24,16,13,12,23,25,24,26,21,23,17,26,33,23,25,22,34,36,26,26,21,27,28,40,18,38,18,31,18,24,18,37,20,27,13,34,19,28,14,30,23,22,24,28,28,19,20,29,14,27,23,17,22,28,21,29,17,26,22,23,12,23,22,33,23,31,22,24,25,19,23,31,23,27,23,23,14,23,19,10,12,17,7,10,8,11,12,15,10,12,14,11,11,14,9,17,13,13,6,10,6,10,6,10,7,9,5,8,5,3,6,6,10,10,3,2,2,2,4,3,6,3,4,4,1,0,1,3,1,0,1,2,0,1,1,1,1,0,0,0,0,0,0,0,0,0,0,0,
10401,花蓮縣花蓮市,主勤里,433,1167,564,603,2,4,2,5,3,5,7,2,6,5,8,5,6,7,4,10,7,9,14,11,6,9,11,13,9,9,15,9,10,12,10,12,11,6,10,7,5,7,13,4,7,5,8,8,8,5,8,7,2,1,6,8,5,8,3,8,5,2,10,5,4,5,7,6,12,7,8,12,7,7,9,14,10,10,8,13,7,10,8,8,6,14,5,14,8,11,9,12,10,7,11,9,8,12,5,9,6,7,8,7,6,6,3,3,7,12,9,4,6,6,6,7,8,11,4,12,9,8,10,5,12,3,6,7,4,7,4,7,10,10,5,9,8,5,11,5,6,4,1,5,5,4,4,3,6,8,3,2,3,4,2,7,2,5,5,3,2,2,5,4,0,1,2,5,1,0,1,4,2,4,3,0,2,2,0,0,1,4,0,0,1,1,0,0,1,1,0,0,1,1,0,0,0,0,0,0,0,0,0,0,0,0,
10401,花蓮縣花蓮市,主和里,1402,3849,1894,1955,12,11,14,15,16,16,18,13,23,16,22,16,21,17,24,23,31,21,28,19,31,23,38,34,23,33,35,25,41,33,22,20,28,16,30,19,31,24,24,26,29,21,30,23,20,31,21,21,18,20,28,15,25,21,25,20,26,20,25,24,26,36,29,17,36,24,30,35,23,30,24,38,37,44,20,34,27,34,16,33,32,36,21,33,25,36,31,24,32,32,25,30,38,23,32,20,22,25,24,26,19,33,23,24,21,28,32,27,25,30,26,32,30,23,22,22,28,24,27,33,25,33,22,36,21,32,18,18,22,26,21,29,11,18,13,17,17,11,11,21,11,12,12,16,11,17,9,14,12,12,8,20,7,12,14,9,5,11,7,10,7,9,7,8,4,11,6,6,6,8,4,1,7,1,3,0,1,6,1,2,2,1,2,2,0,0,2,0,2,0,1,2,0,0,0,0,0,1,0,0,0,1,
10401,花蓮縣花蓮市,主商里,311,865,409,456,0,7,2,2,6,11,6,3,5,3,3,1,4,6,7,10,8,7,10,2,9,13,17,11,15,14,10,4,8,11,8,8,3,3,9,7,2,3,5,4,4,4,10,7,7,6,2,4,6,8,2,3,6,7,3,3,4,7,4,6,4,5,4,5,5,1,6,7,5,4,2,7,3,7,7,6,5,16,7,10,5,10,5,6,5,8,7,9,9,4,4,9,4,7,3,6,6,8,1,6,7,6,5,1,6,10,4,0,5,3,5,3,3,5,8,4,3,5,4,5,4,6,6,6,9,4,5,4,2,8,4,3,2,4,3,5,2,4,2,0,1,4,5,2,0,3,2,2,2,2,3,3,4,3,4,1,1,3,2,1,2,0,1,3,0,2,2,2,0,3,1,2,1,1,1,2,1,2,3,0,1,1,0,0,0,0,0,0,1,0,0,0,0,2,0,0,0,0,0,0,0,0,
10401,花蓮縣花蓮市,主學里,868,2428,1156,1272,6,14,7,4,15,12,11,12,15,9,15,14,23,16,16,16,22,23,16,19,23,18,16,18,20,23,18,23,22,18,11,22,12,9,17,11,27,12,16,14,7,21,13,9,15,12,11,12,17,12,22,8,18,23,20,13,9,15,12,21,19,22,20,14,18,24,24,17,13,22,10,32,13,33,18,24,18,25,18,22,13,17,22,23,16,16,15,21,19,19,22,15,18,18,13,16,18,17,15,19,13,16,16,21,16,10,13,19,6,17,9,12,21,13,8,14,19,17,12,20,13,13,21,13,20,14,18,22,19,13,5,15,6,11,14,11,7,6,6,10,8,10,8,3,8,12,6,8,4,7,6,10,2,9,4,9,5,5,4,5,1,3,6,3,3,3,3,6,1,3,0,2,3,4,0,3,0,3,3,4,2,3,1,0,1,1,1,0,0,0,0,0,0,0,0,0,0,0,0,0,0,0,
10401,花蓮縣花蓮市,主安里,1131,3163,1502,1661,12,8,18,9,13,11,19,15,16,17,22,16,27,21,23,20,25,24,18,12,14,30,23,23,23,15,12,17,38,31,19,17,21,15,28,25,22,19,28,23,25,34,24,30,15,29,18,14,15,23,18,19,14,16,13,14,12,17,24,18,26,29,24,25,22,29,24,32,24,31,26,30,21,33,18,28,23,27,30,22,24,30,26,28,18,17,26,23,23,25,11,26,27,28,17,31,16,14,15,20,17,15,16,19,19,20,21,20,18,27,22,26,19,19,22,23,21,31,17,24,12,26,17,23,26,25,17,26,17,20,13,19,8,17,12,12,6,13,10,9,10,18,9,8,14,10,15,9,9,9,6,6,10,5,8,6,4,15,8,5,3,5,3,4,2,5,7,4,5,3,3,10,2,0,2,2,6,4,1,1,1,3,0,2,1,1,0,1,2,1,1,0,0,0,0,0,0,0,0,0,0,0,
10401,花蓮縣花蓮市,主工里,284,791,379,412,5,4,4,3,2,1,2,4,2,4,5,4,9,5,6,7,5,8,7,4,6,11,5,6,11,6,4,7,11,6,4,7,6,3,4,2,7,1,2,2,6,5,3,8,4,4,3,4,5,2,4,4,0,7,4,7,4,3,8,7,9,6,6,6,9,10,7,13,10,4,4,10,4,10,5,5,6,7,8,10,6,6,5,5,5,4,4,7,2,0,9,5,5,6,1,4,7,5,4,5,3,4,2,8,2,6,6,3,4,5,4,6,3,5,4,6,8,8,10,4,5,5,4,3,7,8,3,7,3,6,4,2,4,1,5,2,3,5,3,1,0,0,2,1,2,5,1,3,2,1,2,2,0,4,1,1,4,2,1,2,2,1,0,5,1,3,2,1,0,1,0,2,1,3,0,1,2,0,0,0,2,0,0,1,1,1,1,1,0,0,1,0,0,0,0,1,0,0,0,0,0,1,
10401,花蓮縣花蓮市,主權里,2444,6658,3179,3479,23,28,31,16,34,26,34,28,20,22,28,30,35,21,36,30,43,28,37,37,52,36,52,39,58,43,56,41,51,52,52,44,40,46,44,45,55,53,46,39,46,35,43,47,47,52,54,47,46,41,37,44,46,42,41,47,41,44,53,32,50,56,54,47,56,57,50,53,51,62,53,54,46,54,50,58,52,84,42,70,35,49,47,70,44,65,52,73,53,61,48,67,42,46,55,54,57,62,41,50,41,52,37,49,32,44,51,54,40,54,36,56,54,56,44,56,33,55,39,58,40,51,48,43,23,59,35,38,34,51,29,25,28,32,21,27,20,19,16,22,19,22,17,23,13,26,17,15,23,25,13,20,21,21,12,15,8,11,8,7,8,7,8,8,7,7,4,9,5,4,7,4,4,3,5,1,5,6,5,4,2,1,2,4,2,1,1,5,2,1,1,0,0,0,0,1,0,0,0,0,0,0,
10401,花蓮縣花蓮市,主睦里,284,717,336,381,1,1,0,3,2,4,2,8,7,2,3,8,3,6,4,2,1,5,7,1,5,3,4,7,4,2,4,7,2,6,6,7,4,3,4,6,4,4,2,5,5,10,8,4,5,5,2,6,6,6,1,4,8,2,4,3,3,4,1,3,6,6,3,7,6,7,9,6,6,2,5,7,7,6,4,3,7,5,6,5,3,6,6,10,5,6,7,1,6,6,2,7,7,6,4,7,1,7,6,6,6,7,7,6,5,3,3,4,9,2,5,7,3,4,3,2,7,8,5,10,8,6,2,2,8,7,1,1,2,3,3,9,3,0,3,3,0,5,2,1,2,2,2,3,3,3,6,2,1,1,2,3,2,2,2,3,2,2,1,1,1,1,0,3,0,1,1,2,2,0,1,1,0,3,0,1,0,1,2,1,0,0,1,0,1,1,0,0,1,0,0,1,0,0,0,0,0,0,0,0,0,0,
10401,花蓮縣花蓮市,主義里,220,562,292,270,0,1,1,0,5,1,1,1,2,0,0,3,3,2,2,2,1,0,2,5,8,1,3,3,8,4,2,3,5,7,7,4,2,4,3,3,2,5,4,5,2,2,5,0,3,2,3,2,7,1,0,2,5,1,4,3,3,3,4,3,4,4,3,5,7,6,2,7,7,4,5,3,8,4,3,2,3,5,3,4,3,8,3,4,5,6,1,2,5,3,2,8,3,3,3,3,2,4,4,4,7,2,5,4,4,2,8,4,4,7,4,5,4,7,8,4,4,8,7,3,8,3,5,1,6,3,4,7,2,2,4,5,4,2,2,1,3,0,1,2,2,3,3,1,1,2,1,4,2,1,3,4,3,0,2,1,1,1,1,2,0,2,0,1,0,4,0,0,1,1,0,2,0,1,1,1,2,3,0,0,0,1,0,1,2,0,0,0,0,0,0,0,0,0,0,0,0,0,0,0,0,0,
10401,花蓮縣花蓮市,主計里,408,1036,500,536,1,1,4,1,4,2,2,2,2,0,0,0,2,3,3,7,6,8,3,3,3,6,8,10,8,11,11,8,10,5,14,10,5,5,11,9,8,8,7,10,8,10,7,11,2,5,8,8,10,8,8,11,7,7,7,8,6,7,8,3,13,7,7,6,7,4,4,3,2,7,6,5,3,12,6,6,9,11,7,8,9,7,5,12,6,10,9,5,7,9,15,8,7,12,8,11,13,4,10,8,3,5,11,10,9,4,9,11,10,12,10,10,7,15,5,8,9,10,10,7,8,6,4,7,9,5,9,4,0,1,4,5,1,6,1,6,2,4,4,2,4,2,3,3,2,7,2,3,3,8,2,2,3,3,0,3,4,7,2,3,1,1,3,2,0,2,1,2,0,2,2,0,1,2,0,1,2,2,2,0,0,1,0,0,0,0,1,0,0,0,0,0,0,0,1,0,0,0,0,0,0,0,
10401,花蓮縣花蓮市,主農里,1582,4560,2205,2355,21,21,22,19,24,24,27,19,25,22,25,26,33,23,34,31,36,29,29,31,38,35,29,20,43,33,32,31,42,31,34,28,30,25,35,31,31,32,29,25,36,30,36,33,40,33,28,28,25,35,34,32,28,24,26,19,28,25,31,27,34,39,45,37,31,54,35,54,39,39,27,39,42,37,42,37,41,45,38,53,23,44,32,45,26,31,32,46,35,33,30,26,30,43,28,44,31,38,37,41,26,30,26,25,24,46,23,29,21,27,28,32,25,34,25,40,23,26,27,34,33,31,28,27,17,21,27,45,14,25,20,22,19,18,21,20,13,14,8,9,10,11,14,6,14,12,17,8,14,9,6,17,9,13,7,14,9,11,9,8,5,6,7,3,3,1,1,6,4,8,4,5,0,5,2,3,3,4,2,0,1,0,2,2,1,0,1,0,0,0,0,1,3,0,0,0,0,0,0,0,0,0,
10401,花蓮縣花蓮市,國光里,607,1542,782,760,5,2,6,3,6,4,6,1,8,7,6,5,7,3,4,4,5,8,7,7,13,10,15,9,19,12,13,8,18,11,15,15,18,10,16,8,18,8,11,13,6,8,14,8,11,9,7,13,10,10,7,10,6,6,15,7,6,8,9,11,15,10,9,13,15,6,13,13,7,9,8,11,5,9,4,12,10,12,8,8,10,12,7,11,9,9,15,16,14,10,10,14,11,14,11,17,10,6,10,16,11,15,17,10,12,13,17,15,12,11,18,13,12,9,13,12,5,7,13,9,10,11,13,8,9,16,7,12,5,11,8,6,7,7,4,9,7,3,4,7,2,7,4,7,4,8,3,8,1,7,3,7,3,8,1,5,7,4,7,3,3,2,3,0,3,4,3,4,6,2,3,5,2,2,1,2,0,0,1,3,4,1,1,0,0,0,1,1,0,0,1,0,0,0,1,0,0,0,0,0,2,0,
10401,花蓮縣花蓮市,國威里,1197,2545,1295,1250,12,6,10,5,9,18,9,16,11,7,23,16,18,15,20,11,23,23,23,20,11,17,28,30,35,32,25,16,23,23,13,17,13,13,10,19,10,15,15,20,23,6,10,6,16,9,15,11,11,13,14,11,8,11,8,10,13,9,17,13,14,17,18,16,13,19,15,20,12,16,14,21,24,20,14,24,15,28,17,31,16,24,11,25,22,23,24,13,20,24,26,22,17,24,24,12,17,22,20,18,14,20,20,16,20,14,20,15,24,20,20,18,20,19,19,5,18,16,16,15,20,12,17,24,25,15,18,15,27,13,11,9,10,13,5,8,8,9,11,4,6,8,3,9,4,5,8,12,3,9,10,3,7,6,6,8,5,7,6,4,5,1,9,6,7,1,2,6,3,3,5,4,3,3,2,5,5,4,4,2,2,1,4,1,1,2,2,0,4,0,4,1,0,1,0,0,0,0,0,0,3,1,
10401,花蓮縣花蓮市,國安里,277,643,310,333,4,2,2,5,4,0,3,4,1,3,3,0,3,5,3,2,4,1,2,5,5,2,3,5,9,6,7,2,5,6,8,3,4,3,5,7,6,2,3,2,3,5,5,4,4,2,4,2,2,7,3,7,6,2,1,4,4,5,3,2,1,7,5,4,6,4,5,3,6,5,6,4,2,2,3,5,3,7,4,6,3,5,6,7,4,5,2,8,6,5,1,9,2,7,1,4,6,6,7,4,2,3,8,4,4,5,5,9,8,5,4,4,3,5,4,1,2,5,8,9,4,5,5,6,3,3,3,4,5,2,7,5,2,0,0,3,0,2,2,3,1,1,4,1,4,1,4,4,5,0,0,2,1,3,1,5,1,1,0,3,0,2,2,2,0,4,1,2,1,2,0,1,2,1,3,2,0,0,1,0,0,0,1,0,0,0,0,0,1,0,0,0,0,1,0,0,0,0,0,0,0,0,
10401,花蓮縣花蓮市,國富里,2348,6020,2926,3094,31,25,20,18,29,16,28,13,16,14,17,22,13,17,16,15,25,12,22,21,13,29,24,18,20,20,22,20,33,30,36,32,25,30,44,34,41,38,45,45,53,48,47,41,55,44,53,51,50,52,41,53,53,51,43,40,48,38,44,49,52,48,60,66,51,57,48,49,46,44,34,50,47,42,34,39,57,38,34,36,29,43,35,42,38,35,37,49,31,44,49,47,43,50,44,47,40,35,46,54,36,59,56,62,60,49,39,48,44,60,54,78,37,54,51,60,50,55,58,65,49,50,52,62,50,54,39,38,36,34,37,25,18,29,22,35,24,20,10,20,14,25,23,36,17,26,13,17,10,26,23,21,11,11,15,18,11,14,10,11,16,8,7,12,13,10,8,8,14,10,7,3,9,6,6,4,2,4,7,4,1,2,1,3,2,1,1,0,0,0,0,3,0,0,0,2,0,0,0,0,1,1,
10401,花蓮縣花蓮市,國強里,707,2086,1033,1053,12,11,11,7,13,9,8,7,6,4,12,5,6,10,7,9,7,10,13,7,14,10,12,10,17,16,12,20,14,16,16,15,16,15,16,20,11,18,13,17,16,21,15,25,16,13,17,11,20,15,12,9,12,12,14,15,18,11,16,11,20,16,15,9,16,21,12,13,16,18,20,11,24,21,19,21,20,22,21,14,17,18,17,21,14,17,18,23,18,24,18,15,16,17,14,24,17,17,26,7,12,20,15,15,16,20,13,19,14,16,20,16,9,17,11,15,13,13,11,12,16,10,17,9,8,14,10,8,7,15,7,9,9,10,3,5,7,6,4,9,8,6,4,6,3,7,8,2,4,5,5,3,4,2,4,4,0,5,5,5,2,4,2,3,3,1,2,3,1,2,2,1,1,2,2,3,0,1,0,0,0,0,0,2,0,0,0,0,1,0,0,0,0,0,0,0,0,0,0,0,0,0,
10401,花蓮縣花蓮市,國慶里,436,1193,608,585,7,3,2,5,9,4,10,7,4,5,6,5,4,6,4,3,5,2,1,8,5,3,6,10,2,6,9,4,8,8,6,8,5,4,6,6,10,7,10,9,10,3,11,12,9,5,7,8,14,7,9,9,11,7,5,4,9,11,6,4,7,8,8,7,7,12,10,12,15,10,5,13,13,13,9,6,11,10,7,12,8,10,14,9,8,10,12,9,9,8,14,11,11,10,8,9,11,5,7,12,14,8,6,11,9,11,9,10,8,6,9,12,13,9,3,7,10,5,3,9,11,2,10,9,6,7,6,5,8,5,3,9,3,7,3,7,5,3,4,5,5,8,10,5,2,2,1,0,6,4,2,6,3,4,5,4,3,3,3,2,3,2,2,2,1,4,3,0,2,0,2,2,2,4,2,0,0,3,1,3,2,0,0,0,0,0,1,0,0,0,0,0,0,0,0,0,0,0,0,1,0,0,
10401,花蓮縣花蓮市,國治里,530,1367,634,733,5,2,4,6,7,5,9,5,6,3,10,12,10,5,6,14,13,15,17,12,17,17,14,21,17,22,20,15,19,12,18,9,14,6,13,12,10,11,9,13,13,12,7,2,4,5,8,5,12,4,4,8,8,6,3,6,4,3,4,5,11,8,6,4,5,11,0,11,9,9,5,7,7,16,4,15,6,18,6,14,4,17,6,13,10,12,10,20,11,11,10,23,13,14,8,9,13,8,7,11,5,14,11,3,6,13,7,4,6,7,6,10,6,14,12,3,9,10,7,8,6,9,8,9,3,8,5,8,2,7,7,5,7,3,3,6,7,4,1,3,2,2,6,2,2,4,5,5,2,5,1,6,2,4,5,4,3,5,3,2,1,4,4,2,2,1,2,2,2,2,4,2,0,1,2,1,2,1,1,0,1,0,0,1,0,2,0,1,1,2,0,0,0,0,0,0,1,0,0,0,0,0,
10401,花蓮縣花蓮市,國盛里,2046,4299,2080,2219,18,16,18,15,16,14,11,18,13,8,18,9,15,8,18,12,11,9,16,19,17,16,18,18,19,16,22,17,32,28,31,19,23,21,43,31,41,37,33,30,37,37,41,36,29,28,42,29,37,26,35,27,33,32,34,29,29,34,21,39,34,41,38,34,45,41,34,43,39,33,32,41,46,38,27,28,40,34,30,43,25,33,32,30,22,42,40,48,39,43,34,38,28,40,42,41,35,31,31,46,31,63,34,55,32,34,28,45,34,43,31,43,26,45,39,34,27,47,32,37,24,24,24,30,19,30,29,37,19,23,19,22,10,11,10,17,12,8,9,8,11,10,10,5,7,11,7,11,10,2,10,8,6,6,3,8,4,5,6,10,6,4,7,5,6,4,6,4,4,2,3,6,5,3,4,2,2,3,3,2,3,1,1,1,1,2,1,1,0,0,1,1,0,0,0,0,0,0,0,0,0,0,
10401,花蓮縣花蓮市,國福里,605,1679,878,801,3,6,10,7,9,11,3,4,7,2,1,4,3,5,1,8,4,6,10,1,6,7,9,6,6,8,5,9,12,7,8,11,13,7,15,10,11,13,13,15,13,11,10,6,24,9,10,7,20,12,7,10,11,9,12,18,10,8,13,12,13,12,17,12,13,10,22,11,21,12,18,11,12,11,19,21,16,14,19,13,12,10,15,11,17,13,10,12,16,10,14,11,16,18,15,20,7,12,12,14,17,22,22,13,9,11,15,10,19,13,12,11,12,19,13,14,17,13,12,15,11,16,10,7,7,15,14,9,9,10,7,9,6,6,5,6,10,3,6,5,4,4,4,8,4,8,4,4,4,4,2,2,1,2,5,1,3,7,1,4,2,2,3,1,2,2,4,3,6,0,2,1,2,3,3,4,1,1,1,2,1,2,1,0,0,1,0,1,0,0,0,0,0,0,1,0,0,0,0,0,1,0,
10401,花蓮縣花蓮市,國聯里,1373,3061,1480,1581,13,9,8,5,11,20,12,5,6,4,6,4,8,5,15,4,6,9,5,11,9,8,8,8,6,5,8,11,12,21,18,7,15,10,15,21,15,26,22,21,25,27,19,28,33,24,29,17,25,28,28,20,30,29,31,26,21,17,31,31,26,27,29,13,36,34,30,38,29,21,28,23,23,21,26,22,28,30,17,19,15,22,16,22,18,25,24,17,22,35,20,23,20,23,27,33,19,27,26,35,25,27,26,28,17,26,28,45,22,32,23,24,26,33,26,23,25,32,30,27,26,20,21,27,23,24,24,23,18,23,10,21,9,13,10,10,8,14,4,10,17,12,10,11,10,5,6,6,9,13,2,6,6,6,7,7,6,4,3,7,5,8,8,8,5,4,3,5,2,4,0,5,2,2,1,2,1,1,0,2,0,2,2,1,2,1,1,1,1,2,1,2,0,0,0,0,0,0,0,1,0,0,
10401,花蓮縣花蓮市,國興里,1817,4732,2340,2392,20,14,24,15,20,16,13,20,16,8,15,11,12,20,18,11,15,21,20,11,21,14,20,22,30,19,32,44,42,32,36,37,39,31,54,42,51,32,43,39,42,43,46,32,44,40,41,31,38,23,26,39,35,31,30,28,21,32,26,24,22,25,30,33,33,23,30,34,39,43,33,35,38,33,33,26,46,37,43,43,40,38,43,47,37,55,49,51,37,54,46,51,42,48,44,55,44,46,50,53,53,51,32,46,40,39,36,54,39,33,35,41,33,36,22,19,27,33,31,25,30,35,27,25,12,28,26,37,18,23,18,30,16,24,14,13,12,12,7,12,13,23,15,11,7,25,9,5,8,16,8,8,8,10,3,7,3,9,8,11,4,5,4,3,1,3,5,2,10,2,5,5,7,6,4,3,2,4,4,2,4,1,4,0,1,1,0,2,3,0,1,0,0,0,0,0,1,0,0,0,1,0,
10401,花蓮縣花蓮市,國華里,1100,3012,1452,1560,12,8,12,12,22,16,13,20,18,17,30,19,22,22,35,15,22,26,23,33,17,31,28,34,21,17,27,21,24,29,21,16,15,22,18,21,27,27,24,14,18,23,20,11,15,24,16,15,29,12,18,13,16,7,14,13,14,15,16,8,18,20,13,16,19,34,15,29,14,25,22,23,20,27,24,29,25,41,26,24,19,22,19,26,18,25,14,24,22,29,20,27,26,26,20,18,15,21,16,19,21,15,15,18,19,18,24,16,12,19,16,16,23,19,25,17,18,25,23,22,18,18,13,10,19,20,18,16,7,15,19,15,12,13,11,9,10,11,10,11,6,12,11,16,5,10,11,10,5,12,11,10,7,7,8,11,7,13,7,6,11,11,8,5,3,10,2,8,2,8,4,3,2,2,3,2,3,4,3,3,3,3,0,4,3,0,0,0,1,1,0,0,1,0,0,0,0,0,0,0,0,0,
10401,花蓮縣花蓮市,國裕里,1921,4970,2423,2547,13,15,25,14,34,23,22,11,23,13,25,22,22,14,17,16,19,17,18,19,22,17,22,18,20,24,34,34,21,29,28,41,29,22,33,38,39,34,41,25,43,29,36,33,32,34,32,26,47,38,34,34,52,42,48,35,35,40,47,39,46,45,51,50,44,42,38,46,42,49,36,42,40,25,36,41,38,41,31,27,35,44,24,32,25,41,27,45,44,50,30,31,38,32,22,28,33,30,31,31,26,51,39,46,30,41,51,49,36,59,42,61,48,61,37,50,53,43,50,50,33,32,40,37,27,46,31,33,24,30,26,22,14,24,27,19,11,11,8,11,12,16,10,14,5,17,13,13,9,13,3,8,7,9,7,7,8,14,6,11,8,8,8,3,5,9,9,11,2,9,3,7,6,5,3,7,11,5,2,2,4,5,1,1,3,2,0,3,1,2,0,1,0,1,0,0,0,0,0,0,0,0,
10401,花蓮縣花蓮市,國防里,417,1069,502,567,4,4,6,5,4,2,4,1,1,1,2,1,1,3,2,10,10,6,5,7,9,5,9,4,8,12,8,10,11,5,9,8,4,9,6,6,7,9,5,13,7,14,5,8,8,8,11,11,8,8,8,8,9,5,10,3,7,9,8,8,4,5,7,10,8,5,1,8,3,10,8,8,12,7,6,6,10,11,5,8,9,10,11,7,7,14,8,5,7,7,12,12,5,10,7,8,3,13,10,8,13,6,10,9,8,9,9,16,9,9,8,9,7,4,5,9,11,5,8,5,8,4,6,8,5,9,6,7,3,4,3,5,2,2,1,7,3,4,2,4,1,1,1,4,4,7,4,5,1,5,0,3,2,3,2,2,4,1,2,2,2,4,0,2,1,4,1,0,4,3,1,2,0,3,0,2,1,3,3,0,1,0,0,0,1,0,0,1,0,0,0,0,0,0,0,0,0,0,0,0,0,0,
10401,花蓮縣花蓮市,國風里,1543,4493,2062,2431,23,22,27,22,33,34,37,23,21,41,36,32,42,39,44,41,32,46,35,48,40,39,43,41,29,37,42,40,43,31,32,24,30,21,24,30,27,28,20,27,23,28,26,21,25,24,21,28,22,26,21,22,23,14,18,16,20,18,15,23,23,27,26,41,29,46,29,47,36,44,31,37,25,38,32,42,32,61,37,58,35,47,36,52,27,39,23,41,22,41,34,28,17,36,31,24,18,18,21,26,30,23,19,25,16,30,20,29,26,25,24,35,22,22,23,28,34,24,23,32,24,29,29,27,27,30,20,33,22,31,19,39,19,26,28,25,16,26,12,11,19,13,13,15,14,19,15,12,16,14,5,12,8,14,7,12,8,9,8,11,5,6,2,4,8,6,3,6,7,8,4,10,7,4,2,4,6,5,5,4,2,2,3,4,1,3,1,3,0,1,1,0,1,0,0,1,0,0,0,0,0,0,
10401,花蓮縣花蓮市,國魂里,1004,2676,1279,1397,5,8,11,13,15,7,13,11,14,15,20,19,26,18,20,22,17,18,26,22,14,20,15,25,18,23,23,22,29,18,21,15,15,12,16,10,21,19,11,9,19,14,15,11,16,8,18,11,13,17,14,19,20,17,18,17,16,10,8,21,21,20,15,12,15,20,29,17,17,34,17,28,14,23,18,22,24,34,22,26,16,25,19,21,14,20,12,33,13,25,25,13,18,15,22,27,14,17,12,19,19,16,15,13,14,15,11,17,21,26,16,17,20,24,16,20,27,16,15,21,13,23,25,20,16,19,12,16,17,14,9,14,9,14,15,10,8,13,7,7,6,4,8,10,8,11,7,5,8,7,6,7,10,10,4,6,2,7,3,10,8,13,6,8,5,6,7,5,3,4,2,7,3,6,3,3,2,3,7,0,0,1,1,3,0,3,0,1,1,0,0,0,0,0,0,0,0,0,0,0,0,0,
10401,花蓮縣花蓮市,民主里,275,647,317,330,3,1,1,2,1,1,2,2,1,0,0,2,1,1,3,2,9,2,3,5,10,4,11,2,7,10,8,10,10,10,8,5,2,5,5,5,4,2,6,4,3,4,3,5,3,2,5,4,5,3,3,2,5,3,4,3,4,1,5,3,7,7,1,2,3,4,3,1,3,3,6,2,4,3,3,5,13,6,3,4,5,6,4,11,3,9,5,4,4,10,3,4,5,6,2,5,4,7,7,9,6,5,2,4,7,5,5,7,3,6,4,5,3,6,7,8,5,9,6,3,4,2,3,1,3,2,5,3,4,2,1,6,2,5,0,3,0,4,3,3,3,1,1,0,3,3,0,0,0,3,2,2,0,0,0,1,2,2,1,4,1,1,2,4,0,0,2,1,0,0,1,0,1,2,0,1,1,0,0,0,0,0,1,2,0,0,0,1,0,0,0,0,0,0,0,0,0,0,0,0,0,0,
10401,花蓮縣花蓮市,民享里,1437,3428,1706,1722,19,9,13,13,9,11,15,10,12,6,11,6,6,7,9,5,17,12,15,12,14,15,20,11,14,14,20,18,29,24,24,30,23,17,25,39,30,38,39,22,20,30,33,30,25,19,23,24,19,14,30,23,23,21,28,15,25,21,25,16,30,30,28,27,31,29,36,28,25,34,37,26,15,29,33,32,29,44,37,21,20,37,29,33,23,29,25,35,29,41,31,26,34,37,34,33,30,32,29,42,28,22,19,30,26,25,26,25,27,20,21,30,25,25,23,34,22,25,22,27,18,29,21,23,29,13,15,22,19,21,20,18,12,13,8,12,6,8,12,9,3,5,4,14,7,16,10,6,4,11,5,8,8,5,2,4,2,5,4,8,1,4,7,6,6,2,2,3,10,4,3,2,6,4,5,2,4,2,5,0,5,1,2,0,1,1,0,1,0,0,0,0,1,0,0,0,0,0,0,0,0,0,
10401,花蓮縣花蓮市,民勤里,1684,4440,2057,2383,27,25,45,35,56,51,52,51,54,63,57,49,51,53,49,37,45,29,36,26,25,19,28,22,20,22,17,29,30,27,24,25,28,32,26,33,35,43,31,26,26,23,26,25,33,24,28,21,17,28,19,31,13,24,17,23,27,15,18,15,20,30,26,44,23,33,29,47,29,45,20,42,23,46,30,31,32,60,19,46,27,28,39,39,29,56,25,30,20,51,36,46,42,44,34,32,34,38,37,40,34,38,28,33,27,35,38,27,27,34,32,25,27,27,21,25,27,22,21,27,16,21,21,18,10,24,15,20,14,17,11,9,8,11,8,13,7,7,6,8,3,15,10,10,2,9,6,10,5,13,6,14,3,17,4,14,2,12,4,9,3,12,7,5,9,6,2,7,10,6,13,5,5,4,9,5,5,3,5,0,3,3,2,3,2,1,2,3,0,0,1,2,0,0,1,0,1,0,0,0,0,0,
10401,花蓮縣花蓮市,民孝里,1669,4187,2080,2107,23,21,23,20,21,27,17,11,15,18,15,20,12,8,14,17,20,20,17,9,15,17,16,16,28,11,25,22,22,26,34,20,24,23,32,31,26,32,29,20,26,26,36,23,34,26,34,30,21,31,34,35,42,35,31,27,24,32,27,30,40,29,37,34,33,33,47,37,37,44,38,36,46,26,47,24,34,43,36,22,30,24,26,21,28,32,31,29,30,49,35,31,24,34,28,43,35,27,40,36,29,30,23,35,41,36,28,45,34,32,41,33,28,42,39,31,27,31,22,34,27,21,22,25,24,35,24,33,16,21,21,22,7,25,18,23,10,13,9,14,10,19,6,15,6,19,5,7,8,14,2,9,6,18,4,8,4,11,3,9,3,10,3,5,4,4,8,8,9,7,12,7,7,1,9,4,10,1,9,4,5,0,5,2,4,1,1,3,3,1,0,1,0,0,1,0,4,0,0,0,0,0,
10401,花蓮縣花蓮市,民德里,810,1992,922,1070,9,14,15,12,19,22,26,23,16,19,22,23,19,21,14,13,14,13,13,10,12,5,9,2,3,4,11,5,8,8,12,10,10,8,14,9,15,7,10,11,11,11,11,12,19,12,13,16,11,19,9,12,18,6,10,9,10,10,9,15,8,12,17,21,11,19,12,17,10,17,18,17,18,18,10,19,9,26,13,22,9,19,10,16,5,10,12,20,11,11,13,15,8,18,15,21,19,17,13,20,15,17,18,21,13,15,12,12,14,17,7,19,12,22,22,10,6,12,16,16,14,10,12,11,15,14,14,16,8,7,6,12,9,7,2,7,4,5,1,8,4,6,3,7,1,4,4,8,2,6,4,4,2,4,4,3,4,1,4,8,3,4,3,5,0,6,0,4,6,7,7,1,1,3,4,3,3,1,2,1,4,1,1,1,1,3,1,0,0,3,0,1,0,0,1,0,0,0,0,0,0,1,
10401,花蓮縣花蓮市,民心里,426,1092,584,508,5,4,2,4,2,2,1,4,4,0,2,5,2,3,2,4,3,0,3,4,4,4,8,5,3,1,11,3,6,9,8,5,10,6,9,8,12,6,6,6,10,12,9,5,11,4,13,8,9,8,6,9,8,14,8,10,13,2,9,12,5,5,10,6,8,9,9,8,8,5,16,5,9,1,6,10,9,5,10,7,11,6,7,10,9,11,7,9,7,11,8,13,11,9,17,7,6,7,4,9,11,12,8,6,9,6,12,10,9,10,6,11,3,15,9,3,13,10,9,10,9,8,13,4,13,6,7,13,6,6,4,5,9,7,4,3,5,5,2,1,2,3,2,3,2,4,2,3,4,3,6,2,1,2,1,3,4,3,1,0,1,2,2,3,1,3,1,0,2,1,2,0,4,0,2,2,1,0,2,0,0,0,3,0,1,0,0,0,0,0,0,0,0,0,0,0,0,0,0,0,0,0,
10401,花蓮縣花蓮市,民意里,975,2496,1400,1096,7,11,1,2,4,4,6,1,8,7,10,4,7,1,2,6,8,8,2,5,5,9,4,6,17,10,12,13,14,12,15,8,15,6,11,15,26,24,17,13,15,15,17,20,21,20,25,13,11,23,20,15,11,17,17,14,13,14,20,16,11,12,14,11,20,12,27,14,22,13,17,16,8,18,16,13,13,17,19,14,17,19,16,13,19,16,14,11,15,13,22,14,19,23,23,24,19,21,15,18,18,19,24,17,13,21,20,14,24,25,22,27,20,21,21,17,16,19,22,18,26,16,15,18,12,14,20,14,14,15,11,14,10,10,11,5,6,8,4,3,8,9,9,12,6,7,4,7,12,6,6,12,6,7,5,5,6,8,4,8,11,3,8,10,21,7,11,6,32,2,28,4,28,4,31,3,17,5,14,2,21,1,14,2,17,0,8,1,9,1,6,3,1,0,3,1,5,0,0,0,13,1,
10401,花蓮縣花蓮市,民政里,1728,4370,2027,2343,17,20,11,13,18,19,17,17,18,12,24,23,17,26,24,34,22,32,22,19,30,25,19,22,30,21,21,28,28,27,24,28,28,22,33,30,30,24,27,27,25,30,33,33,23,18,20,37,35,33,30,25,19,21,19,31,22,27,39,34,30,32,32,34,29,25,38,46,25,42,35,33,28,37,25,34,28,49,21,34,28,37,24,44,26,36,37,52,44,45,28,40,37,48,34,45,39,37,28,43,46,40,36,47,26,34,26,35,30,35,33,31,26,29,31,42,25,36,31,37,27,37,26,22,32,31,22,20,24,28,17,24,22,22,10,31,11,16,11,19,13,14,15,13,10,10,5,21,10,19,7,20,9,12,7,7,7,12,7,4,7,8,10,10,7,2,9,6,11,3,4,4,10,2,8,1,3,2,5,1,2,1,2,1,2,0,1,0,0,1,1,2,0,0,1,0,0,0,0,0,1,0,
10401,花蓮縣花蓮市,民族里,244,639,309,330,1,3,0,3,0,1,1,0,3,1,1,3,3,3,5,6,7,4,2,6,6,3,5,8,8,9,7,10,7,13,4,3,4,7,13,6,4,7,8,5,4,4,6,5,3,6,2,5,3,4,3,3,7,1,1,1,1,4,2,4,1,2,4,1,5,7,5,6,2,1,4,5,6,0,6,6,3,4,2,6,4,5,0,4,4,9,2,5,4,7,3,8,5,7,3,2,4,4,6,7,4,3,5,4,5,6,9,6,7,5,7,3,5,4,2,6,12,5,5,1,4,4,7,6,1,3,4,2,9,4,3,3,0,1,1,2,2,3,1,4,4,0,1,2,1,0,0,1,1,1,0,0,2,1,0,0,1,1,0,3,1,0,0,0,3,0,0,2,0,3,3,1,0,0,1,5,0,1,1,0,1,0,1,0,0,0,0,0,0,0,1,0,0,0,0,0,0,0,0,0,0,0,
10401,花蓮縣花蓮市,民有里,285,823,415,408,2,5,2,2,4,4,1,3,0,2,0,2,2,3,2,3,6,3,5,7,7,6,11,7,10,5,6,6,13,6,7,10,6,9,5,8,4,6,4,6,4,5,7,3,3,4,2,8,5,2,7,9,3,2,3,5,3,4,3,5,3,3,4,7,1,8,6,5,12,2,6,7,5,3,10,9,3,5,5,11,7,9,10,8,12,11,3,12,8,5,11,4,7,3,6,4,10,4,9,3,7,4,4,8,8,6,6,6,2,5,8,10,6,7,6,3,8,6,7,1,7,6,5,8,7,5,5,4,5,4,9,3,1,5,6,1,7,3,1,0,3,3,1,6,1,2,0,3,3,1,3,3,4,1,3,3,1,0,1,3,0,0,0,1,1,2,2,1,0,2,0,1,0,0,1,2,1,1,0,1,0,0,0,2,0,1,0,1,0,0,0,0,0,0,0,0,0,0,0,0,0,0,
10401,花蓮縣花蓮市,民樂里,317,721,345,376,2,3,6,4,1,3,1,3,2,0,1,1,3,1,1,3,2,1,3,2,1,4,3,4,5,4,7,2,6,3,5,2,6,5,5,5,6,6,6,6,8,8,4,4,7,5,7,3,3,5,5,4,5,5,3,4,3,2,7,3,1,6,4,2,5,3,9,4,7,7,2,5,3,7,3,12,4,5,3,6,3,5,3,7,5,6,5,12,5,11,3,8,6,7,6,7,11,6,11,6,3,6,7,6,7,9,3,6,12,10,9,3,3,6,3,5,6,9,6,1,4,9,7,5,5,4,4,3,4,5,1,7,2,3,1,2,2,0,1,1,3,4,3,4,1,0,2,4,0,1,1,3,0,5,5,2,3,2,2,2,3,3,1,2,0,2,1,1,0,1,2,1,1,0,0,0,0,1,2,0,1,1,0,0,0,0,0,0,0,0,0,0,0,0,0,0,0,0,0,0,1,0,
10401,花蓮縣花蓮市,民權里,209,517,249,268,5,2,1,0,3,2,1,0,0,1,1,2,1,0,6,2,0,4,2,7,4,1,5,2,7,3,4,4,5,9,9,12,4,4,4,5,5,3,3,6,5,5,7,0,4,5,1,6,3,4,3,3,1,2,1,3,3,3,0,1,4,2,2,1,2,1,0,1,3,1,1,7,1,6,2,4,2,3,4,2,3,4,8,5,2,2,3,3,2,5,4,3,6,3,3,6,5,6,7,9,3,2,5,4,2,2,3,6,4,3,5,5,2,5,4,4,4,2,2,3,5,4,4,3,1,2,4,4,3,8,0,4,1,0,4,1,0,2,4,0,0,2,3,2,1,2,0,1,1,2,1,1,0,0,1,0,1,0,1,1,2,4,2,2,0,2,1,0,1,3,2,1,1,0,2,1,1,3,1,1,0,0,0,0,1,0,1,0,1,0,0,1,0,0,0,0,0,0,0,0,2,0,
10401,花蓮縣花蓮市,民治里,28,60,38,22,1,0,0,0,0,0,0,0,0,0,0,0,0,0,0,0,0,0,0,0,0,0,0,0,0,0,0,0,0,0,0,1,0,0,1,0,1,1,0,0,0,0,1,0,0,1,1,0,0,1,1,1,1,1,0,0,2,0,0,1,1,0,0,0,0,2,1,0,0,0,0,0,0,0,0,0,0,0,1,0,0,0,0,0,0,0,0,0,0,0,0,1,1,0,0,0,2,0,0,0,1,0,1,2,1,1,3,2,1,1,2,0,0,1,3,0,0,0,0,0,1,0,1,0,0,0,1,0,0,0,2,0,1,0,1,0,1,0,0,0,0,0,0,0,0,0,0,1,0,0,0,0,0,0,0,1,0,0,0,0,1,1,1,0,1,0,0,0,0,0,0,0,0,0,0,0,0,1,0,0,0,0,0,1,0,0,0,0,0,0,0,0,0,0,0,0,0,0,0,0,0,0,
10401,花蓮縣花蓮市,民生里,634,1548,736,812,3,6,2,6,5,2,3,4,2,1,3,2,5,5,11,9,15,6,12,11,19,13,21,16,22,19,15,14,16,15,19,16,10,10,12,8,5,11,14,14,7,15,12,15,9,9,5,10,3,5,12,3,14,6,4,16,8,7,8,4,11,11,9,3,8,14,8,11,9,12,5,12,9,11,7,6,5,12,9,12,11,15,9,20,11,12,5,12,8,19,12,12,13,18,11,10,10,13,12,13,9,8,19,18,9,9,8,14,11,8,6,10,17,11,12,10,9,13,6,10,15,11,11,13,9,6,11,17,3,7,4,5,5,4,6,9,8,11,4,0,4,4,4,6,8,5,0,5,4,7,1,5,2,2,5,8,2,7,2,8,3,6,5,5,5,3,6,5,2,3,5,2,2,0,3,2,2,3,4,1,1,3,2,0,3,0,0,1,1,0,0,0,0,0,0,0,0,0,0,0,0,1,
10401,花蓮縣花蓮市,民立里,746,1801,881,920,10,6,12,11,13,10,5,16,8,9,18,10,17,14,11,3,11,9,9,11,9,6,9,7,10,7,7,6,19,6,9,8,12,6,5,8,11,12,14,7,11,6,12,12,14,11,14,9,11,8,15,10,10,15,10,19,15,9,15,7,11,11,4,10,12,10,12,16,10,26,9,13,10,16,9,17,21,15,14,15,9,14,8,15,6,15,6,17,12,11,11,25,16,13,7,17,16,11,7,21,12,13,14,15,6,12,14,11,8,19,17,14,15,22,12,15,11,14,17,10,14,13,8,16,19,11,12,14,6,7,6,10,6,6,8,11,5,8,2,2,8,7,1,5,9,9,4,4,12,1,4,5,3,5,9,6,5,6,7,6,7,5,8,4,7,2,6,4,3,4,4,2,2,2,2,2,4,1,0,2,0,2,2,0,1,2,0,2,1,1,2,0,1,0,0,1,0,0,0,1,1,0,
10401,花蓮縣花蓮市,民運里,936,2314,1144,1170,8,7,7,2,8,7,1,4,6,6,6,2,9,1,9,3,10,11,7,5,9,9,12,8,5,9,14,10,12,18,11,9,17,16,17,16,15,13,19,16,19,12,15,23,21,12,16,18,15,25,18,14,18,14,15,17,12,10,15,16,17,14,17,12,20,13,20,13,18,15,18,22,17,27,11,20,21,23,16,15,16,19,24,17,18,16,22,20,17,23,21,15,11,24,22,16,18,15,15,21,23,22,8,19,17,20,24,24,18,24,15,13,17,14,20,19,16,17,19,11,14,20,11,20,12,16,14,22,30,13,12,13,9,10,8,13,3,9,12,6,10,6,7,13,5,14,9,8,6,14,5,17,8,5,4,4,4,8,2,7,7,9,3,7,3,5,5,8,4,2,7,8,5,4,6,3,2,1,5,2,5,1,1,2,1,1,1,0,0,1,0,0,1,0,0,2,0,0,0,0,1,0,
10401,花蓮縣鳳林鎮,北林里,254,634,354,280,2,1,0,4,3,2,2,1,0,0,4,0,1,0,2,1,0,2,1,0,6,1,3,1,3,4,4,1,2,4,1,1,3,2,1,4,3,1,3,5,4,3,6,2,1,5,6,4,1,3,5,2,4,6,5,4,3,1,6,2,5,0,5,5,4,4,1,3,2,7,5,2,2,4,6,5,7,4,4,3,4,0,3,1,2,3,3,3,6,5,2,1,4,5,10,0,9,2,5,9,6,3,8,4,7,6,6,6,11,4,6,4,8,6,3,3,11,2,3,5,6,6,7,3,5,2,4,7,2,2,7,2,3,2,1,1,3,2,3,4,3,9,3,1,6,3,4,5,4,1,6,8,5,2,2,5,1,7,3,3,1,5,4,7,5,5,4,0,2,0,2,2,5,2,4,1,0,1,1,0,0,1,1,0,1,1,2,0,1,1,0,0,0,0,0,1,0,0,0,0,0,2,
10401,花蓮縣鳳林鎮,南平里,266,628,350,278,0,1,3,1,4,0,2,1,3,0,2,2,0,0,0,0,0,0,2,2,2,0,3,1,3,1,3,2,3,1,1,1,5,3,1,5,1,3,1,3,1,4,1,4,1,4,6,0,4,2,2,0,3,3,1,2,1,4,2,0,0,2,5,3,6,3,7,4,4,3,3,4,6,3,4,3,5,4,6,5,5,1,3,3,6,1,3,3,4,4,3,2,10,2,7,2,7,4,3,1,5,5,7,2,5,8,10,9,4,4,5,4,8,8,5,3,11,4,2,7,1,6,11,7,3,6,8,2,2,4,6,3,9,4,3,5,9,6,1,3,9,2,3,4,10,3,7,5,4,5,1,3,4,6,3,7,5,3,3,4,3,4,2,2,4,5,1,2,4,3,3,3,1,0,2,1,2,3,1,1,1,1,1,0,0,0,1,1,0,0,0,0,0,2,1,0,1,0,0,0,0,1,
10401,花蓮縣鳳林鎮,大榮里,547,1436,767,669,2,6,5,2,2,6,5,1,4,2,3,4,2,4,4,1,5,5,6,6,9,3,7,7,8,9,6,8,9,12,7,4,7,5,13,8,7,6,12,7,9,8,11,7,9,10,7,7,5,9,5,8,6,6,9,5,2,11,4,7,6,6,7,5,10,11,13,8,13,13,14,18,12,6,14,12,18,10,13,9,10,11,13,11,10,7,13,5,9,7,9,6,7,10,16,4,16,8,10,8,20,11,12,10,14,10,6,11,16,9,13,13,10,10,15,11,16,8,11,11,14,13,11,6,11,16,15,7,11,7,14,9,5,11,6,10,4,7,6,6,13,6,8,8,12,9,6,5,8,4,7,6,8,7,4,6,2,5,6,7,3,3,6,6,2,6,7,7,4,7,3,7,3,4,3,1,1,1,1,2,2,1,1,1,1,0,1,0,2,2,0,0,0,0,0,1,0,1,0,0,0,1,
10401,花蓮縣鳳林鎮,山興里,261,547,296,251,0,2,1,2,0,4,3,1,0,2,1,0,0,1,1,1,0,1,2,2,0,0,1,0,4,0,1,3,5,1,2,2,3,1,0,4,5,3,2,2,4,8,1,1,3,6,2,1,6,0,4,2,3,3,3,3,1,2,1,4,3,3,0,1,1,2,1,2,5,2,1,2,10,1,2,2,9,4,3,5,5,4,3,1,3,3,3,2,4,4,2,6,2,6,7,1,4,5,8,5,8,2,7,2,9,4,7,4,11,1,9,3,7,3,6,4,7,1,3,5,9,10,3,3,7,4,3,1,2,6,4,5,4,7,0,3,6,2,2,4,1,4,0,3,3,1,3,3,6,3,5,3,4,5,2,4,3,2,2,4,2,4,2,1,2,2,0,4,2,2,2,3,0,1,2,0,4,1,1,3,0,1,0,0,0,0,0,0,0,0,1,0,0,0,0,0,0,0,0,0,0,0,
10401,花蓮縣鳳林鎮,林榮里,365,927,479,448,4,3,3,2,6,4,0,0,3,2,0,4,1,2,2,1,2,3,3,5,6,0,5,0,5,3,3,3,4,3,5,5,4,3,1,6,2,5,3,3,5,5,11,4,7,2,2,1,6,2,1,5,6,7,4,1,7,7,6,4,2,3,6,7,7,5,5,10,6,8,11,8,6,10,11,7,7,5,7,6,11,5,10,4,5,6,7,4,4,4,5,2,7,5,7,2,5,2,7,9,3,7,7,8,15,3,4,7,6,10,10,10,7,7,7,5,10,5,8,12,7,10,4,9,8,6,8,10,6,11,4,7,7,7,12,11,8,3,7,1,3,11,4,4,3,10,5,11,8,4,1,2,4,4,4,6,7,1,0,6,4,4,3,4,3,4,2,5,2,3,1,0,5,1,6,2,1,2,3,1,1,1,1,0,3,0,1,3,0,2,2,1,0,0,1,0,0,0,0,0,0,0,
10401,花蓮縣鳳林鎮,森榮里,44,113,55,58,1,0,0,0,0,0,0,1,0,0,0,0,0,0,0,0,0,0,0,0,0,1,0,0,0,1,0,0,0,0,0,0,1,0,0,1,1,2,0,0,0,1,0,1,0,0,0,0,1,2,0,0,1,1,1,0,0,0,0,0,0,1,1,1,0,0,1,0,0,0,0,0,0,0,0,0,1,1,1,0,0,0,2,0,0,2,1,0,1,1,1,0,1,3,3,1,2,1,1,0,0,1,2,1,1,0,1,1,1,2,2,1,0,0,2,0,4,0,1,0,1,0,0,0,1,0,0,0,0,0,0,1,0,2,0,0,0,2,0,0,0,2,1,1,2,0,0,3,1,3,0,1,1,2,1,3,2,1,0,1,3,1,1,2,0,1,1,0,1,1,1,0,0,2,0,0,0,0,0,0,0,0,0,0,2,1,0,0,0,0,0,0,0,0,0,0,0,0,0,0,0,0,
10401,花蓮縣鳳林鎮,長橋里,460,1137,601,536,2,1,2,2,4,2,2,2,5,4,5,2,1,5,2,4,4,3,3,4,4,2,5,8,8,4,5,6,3,3,6,6,7,6,9,6,9,6,6,6,5,8,4,9,6,6,6,7,4,2,2,4,6,7,4,1,5,2,3,2,11,5,11,7,10,4,12,6,14,7,4,7,12,7,14,6,11,11,6,6,5,9,5,2,11,5,8,10,6,7,9,14,10,8,15,11,16,7,17,5,14,7,2,4,15,6,13,8,4,8,6,6,7,9,8,7,5,8,12,9,9,10,9,12,5,6,11,9,9,6,10,7,7,3,5,4,5,10,3,8,5,17,13,6,6,9,3,6,6,9,5,4,9,6,5,4,8,8,6,6,4,6,4,3,6,6,4,3,3,7,3,3,3,1,2,4,0,1,2,1,1,1,0,3,0,1,0,0,0,0,0,0,0,0,0,0,0,0,0,0,0,0,
10401,花蓮縣鳳林鎮,鳳仁里,517,1408,728,680,4,6,2,3,9,1,5,5,2,7,9,2,4,4,7,8,4,6,3,4,6,6,6,4,4,4,7,7,9,7,3,9,6,5,11,7,8,11,14,15,9,8,10,10,12,6,9,3,8,10,5,14,6,14,14,8,15,9,14,7,10,7,8,10,16,8,10,7,12,8,12,10,9,10,20,8,10,9,8,10,7,9,16,11,11,8,16,9,7,14,9,10,11,8,8,9,20,7,9,12,9,12,18,9,7,14,8,13,8,8,14,7,10,14,13,8,10,12,4,14,11,17,6,8,14,6,13,8,8,4,13,6,4,7,4,9,4,10,4,6,3,8,11,8,10,10,3,6,9,10,5,7,2,6,7,3,6,3,5,4,5,4,2,6,1,2,6,4,2,2,1,2,4,2,3,2,3,2,0,1,0,0,2,0,0,2,2,0,0,0,0,0,0,0,0,0,0,0,0,0,0,0,
10401,花蓮縣鳳林鎮,鳳信里,601,1562,829,733,8,4,1,4,5,5,4,3,4,3,7,1,9,5,3,3,6,3,7,2,5,3,5,6,13,3,7,6,12,12,7,5,12,9,15,6,4,11,9,10,8,8,12,15,13,9,11,4,14,9,13,6,12,11,7,13,10,13,11,11,15,10,10,12,10,11,16,9,13,11,16,10,7,16,9,9,14,9,9,7,10,8,10,11,12,11,13,12,12,10,17,6,9,10,14,6,16,5,8,11,17,13,18,10,16,11,13,17,13,13,9,15,19,15,14,19,15,14,21,11,10,5,8,12,9,10,9,7,9,14,8,7,9,8,10,10,1,5,7,6,6,8,5,6,7,14,5,8,6,5,4,4,6,6,6,7,9,2,4,9,7,5,3,2,1,5,6,6,2,3,4,4,3,3,1,5,4,4,3,0,4,0,0,2,0,2,2,1,1,2,0,0,0,0,1,0,0,0,0,0,0,1,
10401,花蓮縣鳳林鎮,鳳智里,538,1365,688,677,5,7,4,5,5,7,4,7,8,3,5,2,9,6,5,3,4,7,11,2,4,4,5,8,4,8,8,4,9,9,6,7,6,9,7,10,9,8,11,11,9,8,10,8,7,14,9,11,8,6,10,7,10,6,10,7,9,7,12,11,6,15,8,12,10,4,15,8,8,10,11,7,11,11,8,5,11,6,7,5,8,4,6,11,6,13,9,9,11,7,8,8,6,14,12,5,11,5,7,8,14,7,9,5,11,8,4,14,11,11,11,8,8,15,9,10,10,9,9,9,12,10,10,12,8,14,15,9,11,10,12,8,8,13,7,9,6,14,4,9,10,3,11,8,4,10,7,4,9,10,7,7,4,4,6,6,3,7,4,4,4,4,7,4,3,1,3,4,2,3,4,2,1,2,2,3,3,1,1,1,1,0,0,2,0,1,0,1,0,0,0,1,0,1,0,0,0,0,0,0,1,0,
10401,花蓮縣鳳林鎮,鳳禮里,270,724,373,351,1,2,2,1,0,1,1,3,2,3,2,1,2,2,3,3,2,0,1,0,2,5,6,3,3,2,2,4,4,8,5,2,3,2,9,7,7,6,5,3,11,5,5,3,4,5,3,4,3,3,3,6,3,4,2,4,7,6,4,2,5,2,3,5,5,12,6,5,3,2,4,4,5,5,9,1,3,6,4,7,6,7,7,2,1,3,3,1,4,3,4,3,6,6,9,2,7,0,3,3,4,6,4,2,8,8,3,2,5,11,7,8,9,4,4,4,6,3,3,7,7,5,7,7,3,9,8,8,5,6,11,2,3,3,7,5,1,3,3,2,4,6,4,3,4,7,6,5,7,2,1,4,2,5,5,1,1,5,5,2,1,3,4,3,2,1,2,3,1,1,0,1,1,5,2,2,3,1,0,1,0,4,1,1,2,0,2,0,0,1,1,0,0,0,0,0,0,0,0,0,0,0,
10401,花蓮縣鳳林鎮,鳳義里,290,735,370,365,0,4,1,2,3,2,2,1,2,3,5,3,1,1,2,2,3,4,3,1,3,2,2,4,2,2,1,0,3,3,5,1,5,1,3,4,5,8,5,5,4,3,6,7,4,5,3,2,4,2,5,2,8,5,5,1,5,6,3,2,3,5,8,5,2,9,3,3,6,3,6,4,2,4,2,0,6,8,3,3,4,0,3,5,3,2,5,2,4,3,5,8,7,1,4,5,7,9,9,9,6,3,6,8,6,5,13,3,9,9,10,6,8,7,5,8,10,4,10,3,7,9,6,4,7,7,1,4,3,3,5,6,5,5,1,2,2,3,2,3,1,3,2,3,1,5,1,7,4,7,1,4,2,4,3,5,3,7,6,4,1,6,4,3,3,3,2,0,3,10,4,2,0,1,2,1,2,7,2,2,2,0,0,3,1,0,1,0,1,0,0,0,1,0,0,0,0,0,0,0,0,0,
10401,花蓮縣玉里鎮,三民里,412,1052,582,470,3,6,5,4,1,4,6,3,5,4,2,4,3,0,4,1,5,3,6,4,4,6,5,1,3,3,3,4,2,3,5,4,4,3,5,8,7,8,4,6,7,9,10,4,2,8,3,5,10,9,4,5,6,4,7,4,9,9,4,6,6,9,5,3,7,8,4,5,11,8,6,5,6,5,11,6,6,8,5,6,8,1,7,6,11,5,12,3,11,7,16,2,7,5,14,3,18,6,13,12,10,5,14,5,6,4,12,5,9,6,7,3,7,5,7,3,13,7,11,6,8,9,7,5,4,6,10,15,1,4,8,6,12,7,8,5,5,3,4,3,5,6,8,8,5,9,9,6,6,11,10,8,7,4,3,8,6,5,4,11,4,4,4,3,4,2,4,2,3,2,1,3,3,1,2,1,3,2,0,1,0,2,0,2,0,0,0,1,0,0,0,0,0,0,0,0,0,0,0,0,0,1,
10401,花蓮縣玉里鎮,中城里,2218,6376,3198,3178,15,20,23,26,23,26,19,21,25,21,27,24,28,27,27,34,38,26,20,29,37,41,28,29,48,47,58,42,43,44,60,26,40,47,49,53,51,50,53,51,53,49,51,55,49,35,39,49,37,40,38,52,48,41,56,34,40,36,39,39,64,33,55,40,49,42,58,43,58,44,47,37,52,50,39,43,43,43,43,39,32,51,31,38,49,45,53,54,40,63,57,41,56,49,45,53,49,42,53,42,52,59,53,51,60,49,41,58,60,39,42,60,56,57,39,42,46,46,56,57,45,41,27,37,30,51,30,29,28,33,32,48,17,25,26,26,16,22,20,28,27,27,17,20,21,34,15,16,12,24,16,22,17,23,14,18,11,20,12,12,14,15,13,11,7,9,11,11,15,6,12,9,6,9,12,7,14,4,6,4,1,5,5,3,3,0,2,2,3,0,1,1,0,0,0,2,0,0,0,0,0,0,
10401,花蓮縣玉里鎮,啟模里,804,2036,1031,1005,4,4,9,11,4,3,7,4,4,2,8,8,9,8,5,10,8,7,8,6,11,9,12,13,13,12,12,20,18,17,9,12,18,11,13,17,20,18,15,9,23,14,8,22,16,18,7,14,14,18,11,10,14,13,6,9,15,18,13,9,15,16,14,15,13,17,15,12,18,14,15,7,15,17,22,14,11,13,9,16,22,9,12,9,17,12,15,19,20,16,19,18,18,16,16,16,23,12,21,14,12,11,17,10,13,18,17,21,12,9,15,19,17,12,5,18,17,13,12,12,14,16,9,8,12,17,10,11,15,15,11,11,7,9,8,11,5,11,6,15,9,10,11,11,13,10,10,6,6,3,6,8,7,5,7,3,6,10,5,10,4,5,1,8,2,5,4,0,6,2,9,4,5,2,4,4,2,0,4,0,2,1,4,0,2,1,1,2,0,0,1,0,1,0,0,0,1,0,0,0,0,0,
10401,花蓮縣玉里鎮,國武里,507,1504,746,758,5,4,1,7,1,4,7,5,2,3,6,7,4,5,5,4,4,5,5,6,8,6,7,4,7,8,8,8,14,13,12,8,9,6,6,11,11,7,17,9,13,9,7,7,10,6,10,13,7,20,4,11,10,8,11,8,15,10,9,12,15,8,15,10,13,15,20,12,10,11,17,11,14,10,4,13,9,10,4,6,6,15,9,7,6,6,11,12,12,10,9,5,10,10,12,8,10,8,10,11,8,14,10,12,11,10,9,18,9,12,8,14,8,10,11,15,10,10,15,12,14,14,9,5,12,8,15,15,16,11,7,14,7,13,5,8,6,4,7,5,8,13,3,9,13,4,6,9,8,8,8,4,3,5,4,5,3,6,4,1,4,2,3,4,3,3,5,3,7,3,2,5,2,3,5,2,1,1,1,5,0,0,0,4,1,2,0,1,1,0,0,0,2,0,1,0,0,0,0,0,0,0,
10401,花蓮縣玉里鎮,大禹里,470,1281,693,588,10,2,4,3,9,5,7,3,8,2,2,3,6,6,6,2,3,5,5,2,4,8,7,3,8,10,7,5,3,4,4,6,3,5,14,5,7,3,7,8,11,6,12,4,5,9,5,5,8,6,4,10,8,12,7,8,9,6,7,6,6,8,9,7,16,8,9,9,12,9,8,10,11,5,6,11,14,6,8,8,9,11,11,9,10,6,13,8,12,11,11,4,12,6,12,10,12,11,12,9,11,10,15,7,12,6,11,5,9,12,13,5,12,9,5,9,7,5,12,7,10,10,8,12,7,3,16,6,11,8,8,6,4,9,9,7,7,5,5,7,3,13,7,9,7,8,4,5,4,4,5,13,3,9,8,10,3,4,3,5,10,8,6,1,4,2,4,4,3,3,3,1,1,2,2,1,2,2,1,3,1,1,1,0,2,1,0,1,0,0,0,1,1,0,0,0,0,1,0,0,0,0,
10401,花蓮縣玉里鎮,德武里,291,929,514,415,1,1,4,0,8,2,0,2,2,3,3,2,3,3,1,2,6,3,5,4,4,2,6,5,7,6,7,5,6,5,4,7,8,6,6,5,7,5,4,5,5,5,7,6,9,1,4,5,2,7,4,2,4,7,5,2,3,3,5,5,5,7,7,6,8,4,9,9,7,5,8,7,4,4,9,2,14,7,8,3,11,7,6,6,10,0,13,5,17,6,8,5,16,5,11,7,12,4,13,8,11,4,9,5,10,8,8,4,11,8,7,7,7,2,10,5,5,8,4,7,7,2,4,6,7,5,4,3,4,7,3,9,6,6,9,4,4,5,3,7,5,4,1,5,5,7,4,9,2,7,3,4,4,5,6,4,3,6,2,6,3,1,2,2,0,3,0,3,2,5,2,4,1,1,0,0,0,2,0,1,0,0,0,0,0,0,0,0,0,0,0,0,0,0,0,0,0,0,0,0,0,1,
10401,花蓮縣玉里鎮,春日里,386,1024,567,457,1,3,7,4,5,2,3,3,5,3,3,3,1,3,3,3,2,11,5,3,3,4,3,2,3,7,4,1,5,5,2,4,3,5,8,1,6,5,7,8,3,4,5,3,6,10,7,5,9,7,8,6,6,3,5,7,6,5,4,3,6,5,7,6,5,5,5,3,6,4,7,6,14,6,7,3,9,3,12,4,9,5,9,4,15,6,4,8,8,8,13,5,10,2,14,8,14,6,8,11,21,2,11,11,13,6,15,9,12,5,10,7,14,5,5,7,9,9,8,8,5,5,8,5,2,3,8,11,11,2,5,2,6,5,4,8,4,5,2,3,7,4,2,7,3,7,8,5,6,9,7,4,7,4,7,8,5,2,4,12,2,2,4,5,1,4,3,3,1,7,2,3,2,4,0,2,0,1,1,1,0,1,1,1,0,1,0,0,0,1,0,0,0,0,0,0,0,0,0,0,1,0,
10401,花蓮縣玉里鎮,東豐里,228,650,380,270,5,0,5,3,4,2,0,4,6,1,5,3,3,0,1,2,0,0,1,1,1,3,1,3,2,6,3,4,12,6,2,5,7,0,2,5,5,4,3,9,6,1,5,4,4,4,3,0,4,4,2,3,2,2,7,2,4,6,4,6,5,3,7,2,7,10,4,3,5,5,4,1,1,1,9,3,3,0,6,2,7,3,7,3,10,5,7,4,7,3,6,1,8,4,3,2,6,6,11,4,8,3,5,4,6,2,6,1,3,2,10,4,5,3,5,1,3,3,6,2,3,5,8,1,6,4,5,2,4,2,4,6,4,5,4,4,2,3,2,2,4,3,4,2,3,2,6,9,4,2,5,1,4,2,1,4,1,3,2,6,4,4,2,2,0,4,2,2,1,1,1,2,0,1,3,1,1,0,0,0,0,1,0,1,0,0,0,0,0,0,1,0,0,0,0,0,0,0,0,0,0,0,
10401,花蓮縣玉里鎮,松浦里,614,1859,1060,799,8,12,6,6,11,5,8,8,4,4,4,9,6,6,6,5,4,2,2,7,3,4,9,7,5,12,14,11,10,11,6,7,13,8,11,11,12,11,14,13,12,18,11,9,19,9,13,17,9,13,14,14,17,11,14,11,15,12,17,14,25,16,14,9,21,13,12,6,15,14,21,10,17,6,12,9,18,9,14,6,14,8,23,12,18,10,22,7,20,6,18,10,21,7,22,11,25,5,24,6,22,14,18,13,20,12,22,13,22,10,16,7,18,11,20,12,14,16,16,11,15,21,7,5,16,6,12,9,7,5,6,10,13,6,14,13,7,10,3,7,5,11,9,10,7,12,8,7,5,7,10,4,7,8,8,10,7,6,4,12,5,3,6,4,5,3,5,2,2,0,0,4,1,5,1,1,3,5,0,2,0,2,0,0,1,2,0,1,0,0,0,0,0,0,0,0,0,0,0,0,0,0,
10401,花蓮縣玉里鎮,樂合里,476,1164,672,492,0,2,5,3,1,3,3,3,4,1,9,4,2,3,3,3,4,5,2,4,1,6,8,2,1,2,7,3,6,5,1,6,8,4,4,5,4,11,6,9,7,7,3,5,5,5,7,3,6,7,10,3,3,3,6,9,3,2,9,1,3,5,8,8,8,4,7,5,6,7,9,12,6,3,12,5,13,0,13,4,11,5,14,3,11,8,8,7,12,5,18,6,22,6,11,5,8,4,15,12,18,7,16,8,17,5,14,8,16,13,12,7,10,12,19,6,14,5,20,6,15,10,9,7,11,6,11,9,9,9,9,6,3,4,7,8,8,8,4,5,12,8,6,9,9,5,1,5,4,12,5,3,4,8,6,4,7,5,4,4,5,5,4,7,4,1,0,3,2,2,0,5,0,1,0,4,1,2,2,2,0,0,0,1,1,0,0,1,0,2,0,0,0,0,0,0,0,1,0,0,0,0,
10401,花蓮縣玉里鎮,永昌里,533,1545,825,720,3,6,4,2,11,4,4,1,4,2,5,7,6,4,9,5,3,3,7,4,5,9,4,5,7,4,7,8,12,3,7,4,7,7,16,10,10,3,8,9,13,8,12,5,7,8,12,9,10,7,11,9,7,8,7,7,6,5,9,13,9,8,9,6,7,9,19,12,14,9,8,9,11,8,17,15,9,7,10,7,9,7,9,8,11,11,8,13,13,15,19,10,8,10,15,12,11,16,14,11,20,11,9,14,11,13,10,6,22,9,13,13,9,9,14,15,15,12,13,11,11,18,18,16,18,15,18,13,9,12,17,12,12,12,11,13,10,8,7,5,10,12,7,10,11,9,4,5,4,5,4,7,2,10,5,7,2,8,2,3,5,1,1,4,8,6,3,2,5,1,4,3,6,1,3,2,2,2,0,0,1,1,2,1,2,0,0,1,0,0,0,0,0,0,1,0,0,0,1,0,0,0,
10401,花蓮縣玉里鎮,泰昌里,497,1817,1037,780,3,3,5,3,6,9,8,3,2,2,3,5,2,2,3,3,3,2,3,5,8,6,8,5,2,6,8,6,6,8,11,5,13,6,9,11,7,11,7,14,13,7,6,10,10,9,12,4,7,7,7,3,12,10,8,5,8,5,7,5,9,8,10,7,11,12,7,7,10,4,11,8,12,6,6,9,13,17,7,9,6,10,5,7,12,6,11,12,12,9,12,10,16,12,17,11,14,8,17,9,13,6,16,18,18,11,20,15,16,20,27,10,20,14,23,20,23,13,23,14,26,10,22,15,19,8,34,15,25,17,14,14,23,14,21,10,9,10,9,13,10,12,14,8,11,8,10,18,6,14,11,10,8,4,7,7,6,12,8,2,11,7,11,7,13,5,15,10,13,3,12,5,7,2,9,3,8,3,6,3,1,1,2,2,4,3,1,1,3,1,0,1,2,0,1,0,0,0,0,0,1,0,
10401,花蓮縣玉里鎮,源城里,509,1513,832,681,2,5,9,4,4,5,2,4,2,4,5,6,5,2,8,4,6,1,4,4,7,7,8,3,8,3,15,6,7,13,10,10,7,7,13,16,5,7,14,8,12,12,13,11,10,11,6,7,12,7,9,7,10,10,3,11,9,7,13,6,11,8,12,6,17,10,15,8,11,16,8,11,11,7,11,5,12,14,11,8,15,12,10,15,7,7,7,9,23,8,20,11,15,7,18,6,16,12,19,10,19,17,16,5,13,15,11,8,9,10,14,4,13,9,12,12,13,6,7,10,12,10,12,8,8,7,12,10,11,7,6,11,5,6,9,4,9,7,0,7,10,7,8,9,9,7,11,10,7,6,6,4,9,8,6,9,5,8,8,4,5,4,7,5,4,2,5,4,4,3,0,5,2,2,4,5,1,3,2,1,0,0,1,1,0,1,0,0,0,1,0,0,0,0,0,1,0,0,0,0,0,0,
10401,花蓮縣玉里鎮,觀音里,691,1811,976,835,4,5,2,4,5,6,6,4,6,6,3,5,5,5,8,10,9,6,8,10,9,7,5,8,5,4,4,6,4,7,4,10,14,7,9,10,8,9,9,11,11,16,15,6,8,17,8,15,13,9,13,10,14,13,9,13,19,16,15,12,17,7,12,13,11,6,15,12,20,11,17,7,14,9,9,6,14,13,14,10,14,9,14,12,20,6,16,12,15,9,19,9,23,8,9,12,18,9,21,9,23,14,17,16,17,19,17,17,10,5,16,18,12,12,23,11,12,8,21,12,18,7,14,11,14,19,18,17,10,10,17,12,11,5,7,12,12,6,9,6,10,7,15,5,5,9,7,8,3,16,6,10,7,11,4,4,6,8,2,10,6,7,6,11,6,2,4,9,5,7,4,4,6,3,1,3,2,2,3,1,2,1,2,2,1,1,1,0,0,1,0,0,0,0,0,0,0,0,0,0,0,0,
10401,花蓮縣玉里鎮,長良里,301,798,457,341,7,2,2,4,0,4,4,1,1,1,1,3,2,0,4,1,2,4,2,2,7,2,5,5,5,2,6,6,6,5,1,5,5,3,0,5,8,4,4,9,6,7,5,1,6,3,0,4,6,6,6,2,6,9,7,3,8,3,10,8,5,1,4,5,4,6,4,3,7,3,5,7,9,2,6,6,11,5,5,4,4,2,9,3,6,3,6,4,10,8,12,8,11,4,11,3,3,3,7,1,15,5,6,5,6,8,9,6,3,9,6,7,5,7,9,2,5,5,8,1,6,3,5,8,6,5,3,4,3,2,2,9,3,6,3,3,1,1,5,1,3,6,8,8,3,3,2,2,3,1,5,0,0,4,3,3,5,3,0,3,3,4,5,5,4,1,6,1,3,0,2,0,3,1,6,2,2,0,3,1,2,0,2,0,0,1,1,0,1,0,0,0,0,0,0,0,0,0,1,0,1,0,
10401,花蓮縣新城鄉,佳林村,397,1080,556,524,5,4,10,5,3,4,2,6,1,2,7,3,5,2,5,4,4,4,3,2,4,3,8,4,6,5,2,6,6,6,5,4,9,10,8,4,6,14,11,10,7,8,10,8,5,5,10,5,8,7,7,8,7,5,6,7,3,8,9,5,10,5,13,17,17,14,13,4,10,8,6,10,9,4,15,6,11,12,5,9,10,6,11,17,11,6,11,6,11,13,15,14,10,7,12,7,6,4,8,10,3,8,4,3,11,9,5,11,3,9,6,7,10,10,7,15,8,8,8,8,5,5,6,11,5,8,5,13,6,4,7,4,5,3,2,3,5,3,0,3,4,0,2,2,3,3,2,5,4,5,2,0,2,2,0,4,1,0,4,0,3,3,1,0,2,2,3,1,2,0,3,1,2,0,1,2,2,0,0,0,1,0,0,1,3,0,1,1,1,0,0,0,0,0,0,0,0,0,0,0,0,0,
10401,花蓮縣新城鄉,北埔村,1666,4572,2357,2215,11,22,18,17,26,16,14,18,25,18,15,20,19,21,24,18,22,15,16,22,25,15,15,29,19,23,26,26,28,27,34,25,35,26,52,32,53,33,39,33,38,37,31,35,42,29,45,42,44,32,27,29,32,28,23,23,25,30,31,39,38,35,30,40,41,32,43,35,44,36,32,19,37,35,31,24,47,48,35,42,51,31,34,36,36,49,43,34,36,43,59,40,41,22,51,37,36,28,41,33,42,37,47,37,44,31,31,32,27,35,34,41,33,30,28,29,36,40,28,38,31,27,30,26,22,28,24,28,18,34,26,22,16,16,13,13,9,10,12,6,13,14,8,15,12,18,15,17,10,11,10,13,16,14,5,6,4,8,6,9,3,4,10,9,7,7,5,4,5,6,5,2,2,2,1,3,2,6,3,1,0,2,0,0,1,1,1,0,0,0,2,2,0,1,0,1,0,0,0,0,0,0,
10401,花蓮縣新城鄉,嘉新村,631,1556,814,742,7,11,6,6,3,4,6,4,7,7,6,1,6,5,10,6,6,3,3,6,5,8,4,6,3,4,5,3,7,9,6,6,9,6,9,5,10,13,8,9,12,11,12,18,9,6,11,4,8,13,5,10,10,4,9,8,11,9,9,11,12,4,17,12,14,6,21,7,9,12,12,9,12,16,15,17,16,9,8,13,12,16,9,7,9,6,11,18,9,17,11,8,12,10,12,2,5,9,13,9,13,11,9,15,13,13,13,18,10,14,9,15,15,12,8,13,15,12,10,13,11,8,7,18,11,20,9,7,6,7,3,11,9,15,4,7,5,7,3,5,3,0,8,0,10,6,5,7,10,2,4,7,8,8,12,3,2,7,6,4,3,5,8,3,6,5,7,2,10,1,4,5,9,4,7,0,11,2,11,1,9,1,5,2,2,0,5,0,1,0,1,2,1,0,0,1,0,0,0,0,2,0,
10401,花蓮縣新城鄉,嘉里村,1733,4502,2330,2172,39,32,42,29,34,33,33,35,25,25,11,15,27,10,25,18,16,19,13,9,17,17,15,22,18,19,16,17,22,21,33,30,26,18,37,24,27,27,25,32,23,28,26,30,24,25,23,28,32,26,33,25,30,28,41,35,37,36,45,42,44,44,53,58,67,53,63,49,70,35,65,53,67,47,64,40,57,41,44,33,52,35,37,36,33,40,41,29,36,29,35,30,39,38,35,21,27,25,31,15,33,25,28,37,30,31,28,30,21,24,30,26,21,34,21,37,25,32,22,33,25,36,20,29,16,22,21,30,11,17,16,21,12,18,13,14,4,15,7,11,11,14,7,9,7,10,3,10,12,6,8,7,9,9,7,12,2,8,1,4,9,10,8,9,5,2,5,6,9,5,8,3,11,4,7,2,8,3,4,2,5,4,0,2,2,3,0,0,1,0,1,0,1,0,0,0,0,0,0,0,0,0,
10401,花蓮縣新城鄉,大漢村,1156,3100,1618,1482,21,12,13,12,21,10,14,9,7,6,15,8,8,14,11,14,15,13,18,13,15,17,15,12,18,18,12,14,32,12,19,15,26,20,27,19,29,20,19,22,24,24,28,27,29,22,32,18,16,19,20,30,25,23,19,24,22,20,22,27,24,25,19,12,28,21,31,24,19,25,29,23,32,20,37,21,25,30,37,22,37,27,35,26,27,29,27,25,26,15,21,30,26,14,30,25,30,21,30,19,30,21,27,31,23,19,14,36,21,23,23,23,21,13,13,24,17,19,13,30,22,19,18,19,16,22,15,27,17,25,11,18,7,10,10,14,8,10,7,11,8,12,5,6,13,12,9,8,8,11,5,10,5,8,6,2,1,6,3,4,5,3,2,3,2,1,4,1,6,3,9,0,7,2,6,2,4,1,3,1,5,0,3,2,3,0,0,1,0,1,1,0,0,0,0,0,0,0,0,0,0,0,
10401,花蓮縣新城鄉,康樂村,1011,2817,1405,1412,9,10,12,8,10,12,12,12,8,12,9,8,15,7,6,10,15,10,15,9,12,9,12,8,5,9,17,19,21,9,13,11,19,11,16,13,20,26,19,15,20,27,13,19,9,19,22,21,24,20,26,18,18,26,26,15,18,16,17,20,27,17,26,19,24,18,37,16,29,25,32,22,33,22,24,16,21,21,23,25,21,18,22,21,24,19,21,22,18,19,23,21,24,25,29,22,20,23,20,30,15,24,18,29,23,36,22,27,19,26,18,25,10,31,24,22,18,29,27,28,14,30,13,23,22,25,13,14,25,18,17,16,6,11,9,11,11,5,6,9,11,11,10,6,9,10,9,12,6,11,8,7,7,6,4,11,3,4,4,9,7,8,2,2,8,6,4,3,6,2,2,1,2,2,3,4,2,2,4,1,1,0,3,1,2,1,0,2,0,0,0,1,0,0,1,0,0,0,0,0,1,0,
10401,花蓮縣新城鄉,新城村,578,1582,792,790,7,3,4,6,7,3,10,4,10,6,11,6,7,5,6,9,4,9,6,2,8,10,7,6,10,3,13,6,7,4,8,14,7,7,7,7,9,7,6,9,7,5,15,12,12,13,13,13,13,17,12,6,14,10,6,9,5,5,11,16,14,7,7,10,13,13,17,9,13,10,12,8,16,18,8,11,6,13,11,14,5,9,11,7,15,7,9,9,12,15,15,9,15,7,10,14,14,10,12,9,12,11,13,10,11,11,13,7,14,9,17,9,8,16,12,8,10,16,14,12,5,14,9,13,17,12,15,17,13,16,10,16,16,8,5,10,5,8,3,5,6,9,4,10,6,1,5,8,4,9,5,5,4,4,1,8,5,5,0,4,2,6,3,5,5,5,4,2,2,4,3,6,3,0,3,6,2,6,0,5,1,4,3,4,2,2,0,0,0,2,0,0,0,0,0,0,0,0,0,0,0,1,
10401,花蓮縣新城鄉,順安村,364,1068,590,478,6,4,2,3,5,4,6,2,6,1,3,3,6,3,4,4,5,2,4,2,4,3,3,3,2,3,4,3,4,8,4,7,3,10,8,10,13,4,6,8,4,8,10,9,6,8,8,7,6,6,6,7,12,5,8,8,8,2,7,6,7,5,9,3,9,6,14,3,5,8,4,8,9,9,9,9,10,6,6,6,3,7,4,4,10,4,14,5,12,5,9,9,9,6,10,6,8,8,10,6,11,8,20,9,17,12,11,8,11,9,13,4,6,8,11,7,6,3,9,6,9,7,16,6,8,10,9,5,9,4,7,5,1,6,5,3,5,7,3,4,7,3,3,8,2,3,2,6,4,3,5,3,3,5,4,2,3,6,4,4,1,3,3,3,4,6,6,2,0,7,2,1,3,1,1,0,2,1,0,1,0,1,0,2,0,0,0,0,0,0,0,0,0,0,0,0,0,0,0,0,0,0,
10401,花蓮縣吉安鄉,仁和村,1871,5004,2626,2378,29,21,28,21,19,17,20,16,15,11,10,19,16,17,10,11,14,7,9,10,13,19,18,11,23,16,9,21,23,30,30,28,30,24,44,29,60,30,36,37,44,38,43,29,39,39,33,49,40,41,39,32,34,36,48,35,53,25,47,37,42,42,53,50,49,38,57,45,59,46,60,50,51,37,37,39,61,46,49,30,38,29,39,34,35,35,29,31,43,31,45,30,46,39,37,38,40,39,33,41,43,45,40,38,42,32,39,41,32,42,33,37,26,53,37,51,46,47,42,45,37,47,35,33,39,40,41,33,32,30,32,26,25,27,17,22,21,15,14,13,22,15,6,7,14,11,6,14,14,7,6,8,8,7,10,10,9,7,7,11,4,10,5,3,13,3,6,3,7,3,1,4,5,2,7,0,5,2,5,3,3,1,2,1,1,0,1,2,2,1,1,0,0,0,0,0,1,0,0,0,3,0,
10401,花蓮縣吉安鄉,仁安村,955,2474,1297,1177,15,7,10,11,6,8,9,8,3,7,5,7,5,3,4,10,6,8,9,3,9,11,6,1,10,9,14,8,13,11,21,11,23,14,20,11,24,26,16,24,13,16,19,15,24,22,19,21,21,24,20,17,22,18,21,21,14,17,21,10,31,18,28,19,30,18,26,19,20,21,21,14,24,20,23,18,25,18,25,19,22,19,25,23,19,16,15,16,21,20,24,15,24,17,17,13,27,17,24,17,16,18,17,18,14,14,12,31,23,25,12,28,23,23,25,18,26,24,26,16,16,19,22,17,12,20,16,23,10,12,15,18,9,10,10,10,15,5,8,5,8,14,6,6,7,5,8,7,4,6,6,4,3,7,4,5,1,3,3,6,5,4,4,2,4,2,1,2,1,3,1,4,3,0,2,5,1,0,0,1,1,1,2,0,0,0,1,0,1,0,0,0,0,0,0,0,0,0,0,0,0,0,
10401,花蓮縣吉安鄉,仁里村,2653,6930,3407,3523,28,26,17,24,26,25,26,18,13,21,21,15,23,17,22,16,14,22,16,15,23,23,35,19,31,29,24,42,46,33,32,45,46,32,47,55,44,43,43,51,52,45,55,41,52,51,49,63,55,41,38,58,50,51,36,59,44,40,48,52,67,62,73,57,63,55,58,66,68,69,69,62,47,46,58,53,66,58,45,40,57,56,54,65,50,51,54,45,50,55,51,55,55,42,71,56,43,50,52,46,44,46,61,54,57,66,54,60,55,62,60,66,39,74,48,48,60,65,55,60,59,54,54,47,45,60,43,61,52,58,29,47,38,45,34,31,24,30,17,27,26,24,23,24,18,26,30,24,21,23,15,22,23,21,9,19,13,7,8,10,4,15,9,14,5,7,10,7,13,12,5,7,5,6,9,13,4,6,7,1,4,2,0,4,3,4,4,1,0,1,1,0,0,0,1,1,0,0,1,0,1,0,
10401,花蓮縣吉安鄉,光華村,843,2082,1076,1006,6,6,8,3,7,5,8,8,4,5,5,6,1,4,4,8,6,9,9,5,5,6,8,8,7,6,5,5,12,14,17,10,15,8,18,22,19,24,20,8,19,21,15,17,19,19,15,17,18,12,12,13,13,14,11,12,10,7,12,16,11,12,9,13,15,10,17,9,13,16,24,13,19,28,19,22,26,18,17,17,14,18,20,19,23,18,25,17,27,24,27,21,16,20,31,21,33,18,24,21,19,23,12,9,15,20,17,14,20,14,19,16,11,12,16,12,17,11,13,20,14,10,15,13,12,11,12,17,6,9,6,17,8,12,8,11,5,15,5,7,3,5,7,8,4,5,6,3,2,6,2,3,5,4,1,2,1,1,3,2,0,6,4,1,2,2,1,2,5,1,8,1,8,1,3,1,5,0,2,2,4,0,5,1,4,1,1,1,1,1,1,0,0,0,0,0,0,0,0,0,0,0,
10401,花蓮縣吉安鄉,勝安村,2138,5595,2762,2833,26,28,21,21,31,15,23,19,18,12,19,19,19,26,24,14,19,19,17,12,29,20,25,23,26,19,26,27,36,35,26,43,38,38,33,37,42,44,37,40,49,50,26,43,45,44,38,43,33,42,35,39,39,44,39,29,29,40,37,42,51,45,46,58,53,43,64,41,51,46,53,55,66,58,41,34,51,49,52,50,46,44,40,41,37,43,48,42,47,41,35,51,35,43,38,41,41,59,48,31,49,44,38,50,43,45,48,53,45,38,51,46,39,48,44,51,41,57,47,54,30,61,45,33,44,41,35,52,46,34,26,28,22,26,29,25,21,18,7,16,17,4,12,15,10,20,12,22,16,13,9,8,10,6,9,8,8,8,6,7,7,9,8,8,5,10,6,6,4,3,5,5,6,3,6,2,3,5,2,4,0,2,1,2,0,0,2,1,0,0,0,0,0,0,0,0,0,0,0,0,0,0,
10401,花蓮縣吉安鄉,北昌村,3276,8714,4159,4555,29,24,31,39,40,42,29,37,42,28,46,37,56,54,63,48,49,44,49,49,51,42,49,39,49,52,58,51,45,45,53,50,46,39,51,48,54,44,57,69,63,58,74,73,58,71,60,72,67,60,76,65,72,67,69,59,61,61,66,67,69,75,73,56,57,75,75,79,62,77,66,80,57,76,55,73,64,74,68,70,48,64,46,55,45,61,56,62,56,64,43,63,43,56,66,56,65,68,56,78,63,79,65,73,58,88,60,74,70,93,71,85,62,80,63,72,70,77,79,91,59,64,63,69,54,64,53,52,44,48,38,50,37,45,25,44,31,46,25,29,24,23,26,26,18,27,20,35,28,20,14,19,19,16,13,19,9,14,16,12,11,19,12,23,6,10,6,15,10,12,11,7,13,14,7,6,5,4,7,3,4,2,1,2,2,0,2,2,1,2,0,0,0,2,1,1,0,1,0,0,0,0,
10401,花蓮縣吉安鄉,南昌村,1732,4876,2376,2500,17,24,15,28,18,20,20,18,15,15,18,16,25,16,20,20,22,18,26,21,28,26,27,23,37,36,26,25,44,30,34,28,40,33,42,34,43,46,41,55,44,39,55,48,27,27,40,33,40,34,30,50,36,26,41,26,26,25,32,40,40,38,50,30,40,39,42,49,40,37,39,35,45,35,43,43,40,40,33,37,29,39,37,37,23,42,29,48,38,44,50,50,33,49,30,29,30,38,46,46,46,46,61,43,32,48,42,47,38,40,42,35,28,55,34,35,29,31,26,46,31,27,36,27,24,42,29,28,22,23,11,27,16,18,14,20,8,9,7,9,12,16,9,14,12,8,8,7,9,10,2,5,8,12,8,9,5,6,5,12,4,14,5,8,3,6,4,5,4,8,3,5,5,2,0,6,3,0,1,1,2,0,1,1,0,1,0,1,1,1,0,0,0,0,0,0,0,0,0,0,0,1,
10401,花蓮縣吉安鄉,南華村,639,1794,969,825,3,7,4,4,6,5,9,7,2,9,2,4,8,5,3,6,6,4,4,5,6,4,7,11,3,7,11,5,10,6,7,6,9,9,13,12,17,10,8,14,16,13,14,12,12,11,12,6,18,12,11,13,9,14,10,7,8,11,15,12,14,17,19,9,18,14,12,6,11,10,17,14,15,9,17,8,16,10,11,9,12,7,15,11,10,8,6,12,24,13,16,9,17,10,13,12,13,10,17,17,15,24,15,14,19,15,26,16,16,10,14,15,24,9,21,13,18,6,13,16,16,13,10,10,17,7,11,7,17,13,12,13,15,8,7,8,11,4,4,7,6,10,2,5,12,16,7,7,14,10,4,7,7,7,2,6,7,8,5,6,8,7,3,6,4,5,6,5,2,5,1,3,3,3,1,3,8,4,3,2,1,1,2,1,0,3,1,1,1,0,0,0,1,0,1,0,0,0,0,0,0,0,
10401,花蓮縣吉安鄉,吉安村,2324,5831,3034,2797,21,27,19,15,37,31,23,18,20,9,14,20,18,15,18,12,20,8,20,15,21,8,15,11,16,17,28,25,22,30,45,28,35,21,47,39,47,45,47,41,44,52,39,42,41,55,45,44,37,42,41,41,52,44,34,35,40,39,47,36,50,38,54,50,37,44,60,50,53,48,65,45,49,50,53,41,62,43,38,44,47,45,53,40,43,55,41,50,57,40,56,58,63,44,57,41,45,44,57,51,46,50,49,61,56,52,61,50,47,50,56,48,56,55,57,49,50,43,48,43,46,41,36,46,44,44,33,44,27,31,31,30,24,23,22,18,22,21,12,17,17,13,21,24,15,14,15,13,16,12,12,15,15,11,8,10,5,15,9,7,12,10,4,6,13,7,6,9,5,8,6,3,5,2,14,1,6,5,5,2,2,5,2,0,2,1,1,0,1,1,0,1,0,0,0,0,1,0,0,0,0,0,
10401,花蓮縣吉安鄉,太昌村,1573,4245,2230,2015,23,12,18,13,21,21,22,15,12,13,8,16,8,12,19,13,15,8,8,9,21,9,16,15,15,11,13,20,28,24,33,18,29,24,30,36,47,42,32,39,25,30,37,38,46,34,37,27,27,29,27,37,32,31,30,26,30,28,27,29,32,24,32,30,36,38,41,20,42,37,43,25,28,26,35,25,43,28,32,30,41,29,29,22,40,33,31,36,48,41,45,19,37,38,34,33,32,44,33,36,35,36,34,34,50,46,48,30,49,28,31,38,27,32,33,38,32,27,30,32,32,19,33,26,25,32,31,28,23,17,24,26,11,14,15,19,11,13,10,9,8,17,13,24,19,9,9,11,11,7,12,4,5,10,9,14,8,8,6,8,4,10,3,6,7,12,6,5,4,13,11,6,9,1,9,5,1,4,5,1,5,1,4,0,0,0,0,0,5,0,0,0,0,1,0,0,2,0,0,0,1,1,
10401,花蓮縣吉安鄉,宜昌村,1710,4793,2386,2407,19,16,15,30,28,18,19,16,16,12,23,13,25,14,26,14,20,16,18,28,28,21,22,24,24,19,29,29,28,34,34,41,28,23,37,22,38,27,38,33,29,29,40,30,34,39,33,27,30,33,32,31,34,36,39,34,55,32,36,39,39,36,38,43,42,39,34,38,49,44,40,42,43,44,41,41,40,45,36,29,41,31,33,29,45,38,34,44,32,42,34,45,36,39,24,39,30,29,25,32,42,37,39,30,39,46,30,46,25,39,32,44,31,36,38,41,24,42,38,45,45,39,25,34,36,35,28,33,25,32,22,24,18,20,23,17,13,16,17,18,16,8,18,19,15,22,17,15,13,18,11,7,10,3,12,14,3,8,7,5,7,9,6,7,9,12,4,5,7,14,6,6,1,3,3,2,4,2,5,0,1,0,2,1,1,0,3,2,1,1,0,0,0,1,1,0,0,0,0,0,0,0,
10401,花蓮縣吉安鄉,干城村,677,1478,840,638,6,4,4,5,4,4,5,3,4,2,4,4,4,3,4,4,6,1,4,5,4,2,2,7,6,3,4,8,5,7,6,7,9,8,10,6,5,9,12,13,5,10,19,7,13,8,9,11,11,11,12,9,11,10,13,8,13,8,11,7,12,10,8,7,17,8,15,4,13,14,20,13,14,9,18,8,18,9,24,10,15,3,16,11,18,12,24,9,18,10,17,15,15,9,19,12,21,9,12,15,17,13,13,17,9,14,23,6,18,5,16,17,16,12,16,12,16,10,13,9,7,15,8,8,7,8,13,5,6,5,3,4,6,7,5,5,4,1,4,8,7,5,3,7,9,6,4,3,4,1,5,6,1,5,2,5,2,1,1,3,1,4,3,6,0,2,5,1,0,2,1,0,2,0,3,1,0,1,1,0,0,3,1,2,2,0,0,0,0,0,1,0,1,1,1,1,0,0,0,0,1,0,
10401,花蓮縣吉安鄉,慶豐村,2887,7678,3979,3699,46,22,35,32,37,27,30,28,28,17,23,19,7,13,21,23,17,20,17,17,17,29,21,14,23,18,31,30,31,33,56,44,49,31,55,61,57,59,74,47,63,62,75,53,64,58,63,59,60,57,75,42,55,68,55,32,54,47,56,54,64,67,73,49,65,55,91,60,63,70,74,65,79,72,77,67,78,57,65,55,63,58,68,81,72,47,77,59,66,66,66,63,69,66,58,56,55,70,72,51,69,75,69,73,70,74,64,79,67,70,53,73,61,42,61,65,55,75,66,54,56,57,51,47,41,46,50,49,44,52,31,29,30,31,27,22,19,35,26,23,13,21,26,23,20,21,25,20,24,18,14,20,18,8,13,22,7,16,10,12,11,13,9,14,12,7,8,5,13,16,8,8,10,6,11,4,6,2,3,6,4,6,3,2,3,2,4,1,1,1,1,3,0,0,0,0,1,0,1,0,0,1,
10401,花蓮縣吉安鄉,東昌村,2351,6126,3144,2982,25,24,26,27,24,27,16,19,13,17,10,14,13,11,16,12,16,5,8,18,18,8,12,9,20,26,25,21,31,25,43,35,42,40,47,39,53,41,58,47,38,48,62,60,51,42,62,52,57,52,46,48,41,38,43,46,45,37,53,45,56,48,59,48,52,60,69,40,59,44,66,39,52,51,50,51,48,39,54,46,52,40,58,44,53,37,62,47,57,46,53,39,44,37,57,50,49,56,38,36,53,56,31,53,53,52,47,66,55,51,57,51,51,47,51,55,62,56,47,67,52,42,40,46,44,46,39,40,35,46,26,36,25,31,24,22,19,21,19,17,12,30,12,16,18,16,16,12,18,17,17,18,17,17,5,16,8,10,9,15,10,13,6,13,8,7,9,7,6,13,12,4,7,9,4,4,5,2,3,2,0,2,2,2,2,0,3,1,0,2,1,0,1,1,0,1,0,0,0,0,1,0,
10401,花蓮縣吉安鄉,永安村,1829,4691,2341,2350,14,16,28,13,17,15,16,24,16,10,16,17,10,10,14,13,19,17,18,10,15,8,12,10,16,14,15,9,25,20,22,15,27,25,31,42,33,38,38,37,34,31,31,38,41,36,35,38,37,32,28,44,33,22,36,30,22,35,41,22,48,28,43,41,36,33,46,43,41,34,40,44,55,37,32,48,51,36,36,37,42,34,25,25,35,32,40,39,31,43,33,30,37,51,49,44,30,39,49,42,24,35,32,41,42,49,47,46,40,49,34,29,41,52,45,38,35,34,37,50,23,35,25,36,33,34,47,31,29,32,22,29,18,23,14,24,12,12,13,21,15,20,15,15,17,16,13,9,11,18,12,15,6,9,15,18,7,5,8,8,2,9,4,12,10,8,5,6,5,6,12,2,6,3,6,3,10,1,2,4,2,5,1,3,2,2,1,0,0,1,1,1,0,0,0,0,0,0,0,0,1,0,
10401,花蓮縣吉安鄉,永興村,1211,3359,1727,1632,15,11,18,14,17,20,16,14,11,9,6,3,15,10,10,11,15,14,18,10,12,13,14,14,21,17,16,18,20,20,22,19,26,21,31,27,22,17,18,21,26,30,27,29,23,21,20,15,36,21,18,21,34,21,18,24,24,17,21,24,23,27,30,33,29,18,28,35,29,28,34,32,27,28,28,26,29,22,25,13,30,23,26,22,19,23,34,28,33,19,31,24,29,25,30,17,33,31,22,33,28,19,28,25,24,29,21,30,22,31,26,29,20,36,31,27,29,30,20,26,26,26,21,18,21,21,28,24,27,26,20,11,11,13,14,12,9,8,8,7,10,14,12,11,7,6,9,11,7,5,7,7,9,11,12,16,6,6,4,7,13,5,5,12,3,6,6,2,2,5,3,8,5,6,5,2,1,2,4,1,1,1,1,2,0,1,0,1,2,2,0,1,0,0,0,0,0,0,0,0,0,0,
10401,花蓮縣吉安鄉,福興村,1161,3224,1677,1547,11,18,14,12,11,19,9,9,14,10,13,7,8,7,8,7,9,9,13,17,12,14,7,10,10,15,6,13,13,17,17,18,22,18,36,23,25,24,29,36,39,27,31,23,28,27,32,25,27,15,20,27,26,25,15,16,26,20,26,12,30,21,35,17,34,19,34,29,31,20,21,24,36,28,27,24,22,22,26,21,22,21,20,25,31,25,31,35,31,27,28,27,27,27,29,21,32,25,32,30,37,22,39,26,29,23,31,18,24,29,30,23,26,24,9,25,24,17,19,15,21,32,18,22,20,16,18,21,12,17,12,15,11,15,17,11,8,12,9,9,10,12,9,14,5,12,11,9,9,14,9,11,8,9,7,12,8,9,11,9,5,3,3,3,5,5,5,3,1,3,2,5,7,3,2,3,1,0,4,3,1,2,1,0,1,3,1,0,0,0,0,0,0,0,0,0,0,0,1,0,0,0,
10401,花蓮縣吉安鄉,稻香村,1268,3695,1880,1815,15,18,8,9,20,15,16,12,9,6,5,14,14,16,5,17,26,9,15,14,17,18,16,12,30,16,20,17,24,26,17,31,20,22,30,28,37,26,29,32,28,26,27,39,39,38,36,26,44,34,25,22,31,29,21,28,24,22,21,27,28,24,26,28,27,22,29,28,30,23,30,30,24,27,23,20,30,31,20,24,27,22,31,27,24,33,43,27,32,34,28,39,29,26,39,23,38,29,30,27,35,44,25,30,34,23,34,28,20,38,44,30,30,28,34,32,29,24,24,25,30,20,21,19,19,23,20,28,15,17,16,12,12,18,18,19,8,6,13,8,12,10,8,9,13,17,10,10,7,14,8,9,12,5,10,11,2,6,9,5,7,9,7,6,3,5,3,3,6,2,11,5,4,1,3,2,4,2,0,4,1,2,0,2,0,3,0,4,2,2,0,1,0,1,0,0,0,0,0,0,0,0,
10401,花蓮縣壽豐鄉,光榮村,319,917,503,414,3,6,5,6,2,7,3,0,1,1,1,1,5,4,5,2,2,1,5,5,2,3,1,1,2,4,3,2,2,7,6,3,9,5,5,6,5,6,3,9,6,7,6,8,8,7,8,6,8,4,4,5,8,7,6,1,8,3,7,0,6,9,8,8,10,8,8,6,5,4,3,8,9,4,5,5,9,7,5,1,4,1,4,8,11,4,4,1,8,5,10,4,8,1,11,2,8,5,17,5,10,6,8,6,11,5,6,6,7,11,6,14,5,4,11,5,6,5,8,7,13,12,12,6,6,6,6,4,4,7,5,6,3,4,5,2,5,4,1,0,4,1,7,6,6,2,4,4,6,7,6,2,2,7,8,6,3,1,5,1,2,5,2,2,2,3,3,6,1,1,2,1,3,6,1,1,3,3,1,2,0,0,1,0,0,1,1,1,0,1,0,1,0,0,0,0,0,0,0,0,0,0,
10401,花蓮縣壽豐鄉,共和村,262,687,364,323,1,0,4,6,3,5,1,3,4,3,4,0,3,0,2,2,1,1,4,2,1,2,1,1,1,4,5,3,3,5,6,3,2,4,5,4,6,8,3,2,2,2,2,6,3,2,3,5,4,6,7,8,9,2,5,11,4,6,7,1,6,5,9,8,3,2,5,1,1,4,4,6,6,5,4,5,2,5,6,4,5,6,5,4,3,4,3,2,8,3,2,6,6,6,7,4,4,3,6,7,8,5,13,8,7,9,9,4,11,3,7,4,7,7,10,2,9,7,6,6,2,2,6,9,3,4,5,2,5,2,3,2,4,5,2,5,2,1,2,6,2,2,2,3,5,1,2,3,2,2,4,0,2,0,1,1,2,3,2,0,4,3,1,3,0,2,1,1,0,2,2,3,2,0,1,1,1,0,0,1,1,0,1,0,2,0,1,1,1,0,0,0,0,0,0,0,0,0,0,0,0,1,
10401,花蓮縣壽豐鄉,壽豐村,719,1909,1006,903,6,12,10,7,9,2,7,8,8,1,8,4,6,8,4,15,7,6,9,4,8,7,4,4,3,14,17,8,10,6,8,11,8,7,12,13,13,17,14,9,14,18,11,17,18,13,12,8,17,15,10,17,12,13,13,10,10,9,13,11,20,15,19,13,15,16,12,15,22,12,14,12,13,14,14,15,12,5,7,10,9,11,14,10,18,9,19,9,17,19,12,16,17,9,14,7,22,13,17,14,14,15,18,9,13,11,16,17,30,20,19,13,18,16,14,13,17,13,18,16,26,10,12,9,18,9,19,10,17,6,8,15,10,9,9,10,6,7,1,11,8,13,5,2,9,9,7,9,4,9,3,12,8,7,8,6,7,7,5,10,6,9,4,2,4,4,3,7,3,4,2,3,4,2,1,1,0,1,1,1,0,0,1,3,1,1,0,0,0,0,1,2,0,1,0,0,0,0,0,1,0,0,
10401,花蓮縣壽豐鄉,平和村,627,1641,871,770,1,8,11,10,9,8,3,6,4,2,1,6,2,6,3,5,10,3,4,2,2,4,6,4,6,4,9,2,8,7,14,9,11,8,15,11,11,15,12,16,18,1,10,17,20,13,7,14,15,6,14,10,10,15,13,10,8,6,11,10,14,14,11,11,16,8,14,15,10,8,20,10,9,5,10,12,12,3,6,7,5,11,10,8,12,11,7,8,13,8,14,11,12,13,8,12,19,18,23,14,12,19,21,8,21,10,20,15,20,14,17,17,12,18,14,10,15,8,8,9,13,12,12,11,18,14,22,10,10,4,12,11,8,11,4,10,8,4,10,5,6,5,5,9,4,9,4,9,7,5,2,7,7,2,4,6,4,6,3,5,4,5,6,3,2,7,5,6,3,4,4,1,2,0,1,2,0,1,3,2,1,0,1,2,0,3,2,2,1,0,0,0,0,2,0,2,0,0,0,0,0,0,
10401,花蓮縣壽豐鄉,志學村,1197,2910,1520,1390,8,20,7,11,19,13,10,10,11,11,11,12,10,8,12,10,16,8,8,7,16,13,8,13,11,6,17,10,15,12,20,16,17,10,20,17,18,20,19,29,17,20,17,20,18,22,24,17,24,17,21,9,26,18,17,13,14,13,25,18,19,21,20,24,29,21,30,25,29,25,29,25,26,27,25,31,22,20,26,16,25,27,30,28,35,18,23,21,17,18,31,27,31,18,19,22,21,21,27,23,22,21,25,19,34,23,25,19,26,24,22,16,24,24,25,24,25,30,23,21,16,20,21,20,21,17,20,23,27,17,21,18,11,8,9,7,6,12,7,4,5,13,6,7,5,9,6,14,10,12,8,7,3,9,3,7,8,10,6,10,3,4,6,4,4,4,7,8,6,7,7,4,6,3,1,3,6,2,7,2,0,0,3,1,0,1,1,1,0,0,0,0,0,0,0,0,1,0,1,0,1,0,
10401,花蓮縣壽豐鄉,月眉村,364,970,539,431,2,5,3,4,5,1,5,6,6,1,1,2,1,2,2,3,2,2,5,1,4,5,2,6,3,5,5,5,4,7,8,4,5,2,4,7,5,9,6,9,8,8,4,8,9,7,13,1,6,5,8,2,4,3,4,2,4,5,2,8,10,8,4,9,6,9,15,5,9,4,8,1,6,3,7,5,4,4,4,7,14,2,7,6,6,10,6,8,10,5,10,9,8,6,13,7,14,4,7,7,10,4,9,4,8,13,14,9,10,4,12,4,14,6,10,8,8,5,9,9,16,8,4,7,12,7,5,5,7,4,3,5,4,2,3,1,1,2,5,0,4,5,6,7,7,4,2,4,8,2,3,3,1,4,5,6,2,8,5,3,4,4,0,2,1,5,1,2,3,3,5,1,2,2,2,4,1,0,3,0,1,0,0,0,0,1,1,0,0,0,0,0,0,0,0,0,0,0,0,0,0,0,
10401,花蓮縣壽豐鄉,樹湖村,161,406,214,192,3,0,2,2,2,1,1,1,1,0,0,1,1,1,0,0,2,0,0,0,1,1,1,1,3,0,1,0,1,4,3,4,3,3,0,3,3,3,2,4,2,6,3,4,4,2,2,2,4,3,5,1,2,2,2,0,4,3,3,2,2,1,1,3,3,2,0,3,3,3,0,5,2,2,1,0,4,1,1,0,4,2,5,0,5,2,2,3,2,2,4,3,1,2,2,4,2,2,5,4,5,3,3,2,4,4,6,3,6,1,7,4,8,4,5,4,2,3,7,6,2,3,5,2,4,1,7,0,3,0,1,3,2,3,1,0,0,1,4,1,1,1,0,0,1,3,2,3,0,4,1,4,1,3,1,1,0,2,3,4,1,3,1,2,0,3,2,2,2,5,1,2,1,1,2,1,0,0,2,1,0,0,0,0,0,1,0,0,0,0,0,0,0,0,0,0,0,0,0,0,0,0,
10401,花蓮縣壽豐鄉,水璉村,382,891,505,386,3,8,3,3,3,3,2,3,1,1,2,2,3,4,3,1,4,0,3,2,0,2,3,2,4,5,3,5,2,2,4,4,2,3,3,3,6,5,6,4,2,7,4,14,4,5,4,8,5,5,5,4,7,2,3,2,5,3,6,0,2,1,6,5,7,2,8,6,7,3,8,2,7,6,9,1,8,5,5,4,6,1,10,5,13,1,7,3,4,7,8,6,8,9,10,8,13,4,17,2,12,6,7,8,18,4,9,6,13,9,5,7,10,6,10,6,2,7,8,7,8,8,4,5,9,5,9,3,8,5,2,9,1,2,6,4,6,5,3,1,4,6,9,7,8,2,4,2,5,4,5,7,4,4,5,8,7,4,7,6,4,6,4,5,4,3,1,3,5,3,2,1,4,2,0,1,2,1,1,1,0,2,0,2,1,0,1,0,0,0,0,0,0,0,0,0,0,0,0,0,0,0,
10401,花蓮縣壽豐鄉,池南村,383,916,492,424,3,3,1,2,1,4,3,1,3,3,2,1,5,4,1,1,6,4,4,2,1,0,2,1,3,3,1,3,10,3,1,3,1,6,5,4,1,7,4,7,3,6,2,7,4,4,2,4,5,8,13,4,9,9,4,2,10,4,4,2,6,4,5,5,3,3,4,8,9,1,5,8,9,7,9,3,8,2,7,5,7,4,5,0,2,3,9,5,5,3,10,6,4,4,8,8,11,7,13,10,9,6,13,4,10,9,21,8,15,7,9,17,10,9,12,7,12,9,6,8,3,3,4,7,8,1,4,7,9,3,11,4,4,6,5,8,8,3,3,5,3,2,1,2,4,2,2,3,1,4,6,4,4,11,4,6,1,7,4,1,4,9,6,5,0,0,2,8,2,3,4,5,4,3,2,2,1,3,0,1,2,2,2,1,2,0,1,0,0,1,1,0,0,0,0,0,0,0,0,0,0,0,
10401,花蓮縣壽豐鄉,溪口村,432,1224,652,572,0,4,2,2,4,6,0,1,4,4,3,3,2,1,3,4,6,3,2,5,4,2,3,8,5,7,4,6,9,9,2,5,7,5,11,5,6,8,13,8,9,3,5,9,6,3,6,6,2,5,8,10,10,5,3,10,5,7,10,4,7,4,9,6,8,13,10,4,7,8,10,7,8,11,7,8,6,4,10,7,12,3,10,4,11,9,8,6,9,6,10,4,9,9,7,6,14,5,6,9,6,14,11,11,15,12,13,12,12,7,13,12,12,12,16,14,12,6,13,12,10,7,7,10,14,9,14,7,16,8,4,15,2,7,10,6,10,3,5,5,6,8,3,12,10,5,3,6,5,7,9,5,5,4,8,7,13,5,3,5,5,5,6,1,0,2,3,1,4,2,5,5,1,4,4,2,2,1,2,1,1,2,1,1,2,0,0,1,0,0,2,0,1,0,1,0,0,0,0,0,0,0,
10401,花蓮縣壽豐鄉,米棧村,127,294,150,144,1,0,0,4,1,1,1,2,1,3,0,0,2,0,0,0,1,0,0,1,0,1,0,0,0,2,0,0,1,1,0,1,0,1,2,0,1,2,1,1,3,1,2,1,1,0,2,2,2,2,2,1,2,1,2,3,1,1,2,0,1,2,6,2,2,7,3,1,3,0,5,1,2,2,2,0,3,2,1,1,2,1,0,3,3,1,3,3,3,3,1,1,0,4,4,2,1,1,6,2,5,1,1,3,6,3,4,2,2,2,4,3,3,6,3,1,1,2,0,2,5,1,3,4,3,2,6,2,2,3,0,3,2,1,1,2,2,1,0,2,2,3,2,3,1,1,0,3,3,2,0,2,2,0,0,2,1,1,0,0,0,0,1,0,0,0,0,0,0,2,0,0,0,1,1,0,0,6,0,0,1,0,0,0,0,0,1,0,0,1,0,0,0,0,0,0,0,0,0,0,0,0,
10401,花蓮縣壽豐鄉,豐坪村,369,1048,559,489,5,7,3,4,1,6,2,4,3,2,1,3,2,1,6,4,2,4,2,5,3,5,5,3,7,7,8,2,9,6,4,7,2,10,4,4,6,7,11,6,5,8,8,10,11,7,11,7,10,10,7,9,5,14,9,2,13,2,6,2,7,5,4,3,7,9,6,9,1,5,7,6,9,6,5,9,8,3,10,7,7,6,9,3,5,6,10,5,6,9,5,9,10,11,12,3,13,5,4,8,14,5,7,8,11,9,15,7,16,10,9,12,10,4,7,10,8,9,8,10,5,7,16,5,3,7,11,12,6,5,9,5,10,4,1,4,6,5,3,6,6,4,3,5,9,3,5,5,4,4,2,4,2,2,7,4,3,3,3,3,4,2,6,0,2,0,0,3,1,0,3,3,1,0,0,2,2,0,2,0,1,1,0,0,0,2,0,0,1,0,0,0,0,0,0,0,0,0,1,0,0,0,
10401,花蓮縣壽豐鄉,豐山村,840,2254,1197,1057,8,8,14,5,5,7,5,4,9,7,5,3,10,5,9,9,9,10,4,12,13,8,12,5,12,6,12,7,10,13,19,10,11,15,12,10,17,15,13,9,12,13,22,14,15,9,15,11,15,20,8,13,28,11,17,7,13,11,20,13,16,18,11,17,16,15,20,12,19,14,16,20,20,19,18,20,16,15,13,10,16,21,20,7,16,14,17,16,18,8,17,19,16,19,22,20,27,12,11,18,20,19,20,15,26,12,23,23,14,13,21,19,25,13,19,15,25,12,16,17,18,14,14,21,15,13,22,16,22,14,16,11,7,16,14,11,7,6,3,4,6,15,8,10,8,13,11,8,3,5,10,15,12,10,5,11,9,10,10,7,3,11,7,9,9,9,3,5,1,4,6,5,3,2,3,3,2,3,4,8,3,2,1,0,1,1,1,1,0,0,1,0,1,1,0,0,0,1,0,0,0,0,
10401,花蓮縣壽豐鄉,豐裡村,566,1619,868,751,10,2,6,6,5,7,5,5,9,2,3,2,3,3,4,5,6,4,11,2,6,7,3,6,6,4,11,6,8,6,10,12,10,12,16,8,14,13,11,10,12,4,6,9,19,12,19,10,15,13,12,13,9,12,12,12,13,5,7,13,14,15,11,12,17,9,11,11,14,11,11,15,12,7,14,10,8,6,14,7,8,13,10,6,13,12,13,13,9,7,9,11,15,9,12,17,18,11,9,13,18,12,21,11,15,14,27,15,11,12,18,21,10,10,14,16,17,6,16,12,9,6,12,9,14,17,9,12,9,3,11,6,7,7,6,5,9,8,6,7,3,11,9,3,9,8,5,4,7,5,6,7,3,9,6,8,3,4,5,9,4,2,5,7,4,3,3,1,3,5,2,1,2,2,1,6,3,1,0,3,1,0,2,1,0,1,0,0,0,0,0,0,0,1,0,0,0,0,0,0,0,0,
10401,花蓮縣壽豐鄉,鹽寮村,263,545,297,248,0,0,0,2,1,2,1,2,0,0,1,0,0,0,0,0,0,0,3,0,2,2,3,1,3,2,1,0,4,4,2,2,1,3,4,2,4,2,4,5,3,4,1,6,4,2,5,6,3,1,1,0,3,1,1,2,5,0,0,2,3,0,1,2,5,3,2,2,6,8,6,3,2,4,5,2,6,7,8,6,4,5,10,6,6,3,9,4,7,6,6,2,7,6,0,5,3,1,8,10,8,5,6,3,7,5,6,4,5,7,5,3,6,5,5,1,7,6,3,5,7,5,5,4,3,4,3,6,3,4,1,2,2,4,2,4,1,1,1,2,2,2,4,4,3,2,2,2,4,2,2,1,1,1,2,1,3,3,2,2,3,0,0,2,4,1,1,2,3,1,0,1,3,0,0,0,1,0,4,2,1,0,1,0,0,0,0,1,0,0,0,0,0,0,0,0,1,0,0,0,0,0,
10401,花蓮縣光復鄉,北富村,371,1038,556,482,2,3,3,2,3,6,3,7,3,2,1,4,0,4,1,3,0,4,3,3,5,1,9,3,2,0,1,1,9,5,4,4,5,7,5,6,9,5,5,6,11,7,8,7,13,7,14,6,10,4,11,5,4,6,12,4,9,4,5,5,4,2,5,7,8,6,3,4,3,5,6,7,8,4,2,8,8,6,13,6,8,6,8,4,7,2,10,8,4,9,4,7,10,8,8,6,10,14,13,10,6,7,17,6,6,11,12,11,12,4,13,7,9,8,10,7,9,3,6,6,13,6,6,10,4,6,7,4,3,7,7,7,7,4,13,7,4,4,6,6,4,8,4,10,5,4,7,3,8,8,3,5,6,7,6,6,5,5,5,6,3,4,4,0,4,3,2,3,1,6,3,1,0,3,2,4,1,2,0,1,1,0,0,0,0,0,0,1,0,0,0,0,0,0,0,0,0,0,0,1,0,0,
10401,花蓮縣光復鄉,南富村,335,969,515,454,2,5,3,5,6,0,7,3,1,1,2,6,6,3,2,5,2,1,3,2,5,4,0,3,2,6,5,0,5,6,7,1,4,4,6,8,12,2,9,5,4,7,10,4,5,5,4,5,3,5,9,8,3,7,15,7,6,3,12,3,3,8,10,5,3,7,5,6,6,6,9,7,10,4,6,5,8,5,11,11,4,6,9,5,10,7,6,1,5,3,2,4,3,3,5,9,10,6,7,6,13,5,8,8,8,8,11,9,9,7,15,7,10,8,6,13,5,11,6,8,12,8,9,7,9,5,14,5,5,11,8,6,4,6,7,3,4,1,8,1,4,6,5,5,4,3,3,5,4,1,4,4,3,4,3,8,1,6,1,3,2,7,4,6,3,2,1,2,2,2,3,3,1,3,2,2,0,0,1,3,0,0,0,0,1,0,0,1,0,2,0,1,0,0,0,0,0,0,0,0,0,0,
10401,花蓮縣光復鄉,大全村,347,924,511,413,5,1,1,3,4,2,3,2,5,0,3,5,3,2,5,3,2,3,2,1,4,2,1,6,4,6,1,4,4,5,4,4,2,6,2,3,5,6,8,2,6,3,4,9,6,4,4,7,11,9,3,5,8,6,5,3,4,3,10,11,4,7,9,6,11,5,9,6,13,2,4,5,6,5,8,8,11,4,7,3,3,4,3,5,6,2,5,4,7,8,9,6,9,6,13,4,10,6,11,8,8,3,9,4,12,9,8,10,11,7,10,8,15,3,13,6,11,7,6,6,11,3,4,3,17,4,4,7,3,7,3,7,5,5,2,6,5,0,2,3,2,7,2,7,7,2,2,4,3,9,4,2,3,4,7,6,6,4,6,2,2,5,2,6,5,1,3,2,2,1,2,4,1,4,1,0,2,0,1,1,0,2,1,1,0,0,1,0,0,1,0,0,0,0,0,0,0,0,0,0,0,0,
10401,花蓮縣光復鄉,大同村,495,1303,686,617,3,2,4,4,4,2,5,4,0,3,4,4,6,3,2,3,6,6,5,5,6,5,7,4,3,8,8,5,8,12,5,3,6,6,9,14,8,6,9,4,8,13,12,11,19,9,11,12,11,16,15,7,10,5,9,8,13,4,9,8,9,6,14,5,10,11,9,7,11,13,10,2,10,6,9,5,8,8,12,7,11,3,5,11,5,5,6,9,10,5,8,11,11,4,12,12,14,8,15,10,11,8,8,4,11,14,13,10,6,15,16,7,7,7,9,12,14,13,11,11,14,12,7,6,13,10,12,8,14,11,8,14,5,7,8,5,3,5,2,5,2,4,3,4,7,11,10,7,10,7,3,13,6,6,3,7,4,2,6,2,3,2,1,4,3,3,0,2,1,1,1,1,0,4,1,2,0,2,2,1,1,2,2,0,0,0,0,1,0,0,0,0,0,0,0,0,1,1,0,0,0,0,
10401,花蓮縣光復鄉,大安村,397,1008,504,504,3,3,4,4,1,4,2,2,9,3,3,4,4,2,2,3,6,2,2,3,3,3,2,2,0,0,7,3,6,6,2,7,4,16,8,3,5,7,6,9,8,10,4,10,11,10,4,4,2,5,10,6,6,9,7,13,5,5,5,11,7,10,4,6,7,5,11,4,4,4,7,4,4,9,8,4,4,5,13,5,11,5,6,6,5,5,4,6,10,9,10,11,8,6,5,2,4,4,7,10,6,4,13,9,6,7,5,5,13,5,11,12,6,8,8,9,12,10,5,10,10,6,9,7,4,12,9,8,10,7,6,8,14,2,4,2,0,6,6,2,4,5,4,6,4,7,3,5,7,2,6,5,3,3,5,8,4,4,5,4,3,2,4,2,1,3,2,4,3,2,2,3,1,1,1,3,1,0,4,2,0,0,0,3,0,1,0,1,0,0,0,0,0,0,0,0,0,0,0,0,0,0,
10401,花蓮縣光復鄉,大富村,163,394,209,185,2,1,2,1,0,1,2,1,1,0,2,2,1,0,0,0,2,1,0,4,0,0,2,2,1,1,0,1,3,1,4,0,2,0,1,3,2,3,2,0,3,3,2,1,3,1,0,2,3,5,4,1,1,3,1,2,1,0,4,3,2,3,3,5,4,5,5,4,4,2,4,3,0,3,2,2,2,6,5,2,4,1,3,1,1,0,6,3,5,0,4,1,3,1,4,0,2,4,2,3,8,0,4,5,2,2,3,5,2,5,2,3,2,2,3,3,6,1,3,2,3,4,1,3,1,7,4,7,3,3,5,1,2,3,3,2,2,2,4,0,4,1,2,3,1,0,3,2,3,2,3,1,2,2,0,0,0,3,3,2,0,1,3,3,1,2,0,3,1,1,1,2,0,0,1,2,0,1,1,0,0,0,0,0,0,0,0,1,0,0,0,1,1,0,0,0,0,0,0,0,0,0,
10401,花蓮縣光復鄉,大平村,429,1125,604,521,6,5,6,3,3,3,5,5,5,1,3,1,2,2,6,2,1,3,6,7,5,4,7,3,4,5,4,1,2,4,8,5,8,7,2,5,3,10,6,3,4,10,3,6,3,7,5,3,9,6,4,6,7,10,8,8,6,7,8,3,13,10,10,8,8,9,8,7,10,8,5,5,7,10,7,3,7,6,11,5,9,5,14,4,12,3,9,5,6,7,13,3,11,5,15,10,11,6,11,5,15,8,17,6,16,11,9,10,10,10,11,15,9,8,7,7,9,8,4,14,16,8,8,7,8,10,4,9,11,6,9,5,9,6,7,3,7,5,5,2,2,2,2,2,5,6,5,8,2,6,5,5,5,9,6,5,2,7,6,3,4,9,4,3,0,3,3,6,1,5,2,1,2,7,3,1,2,1,2,0,1,1,2,2,0,0,0,1,0,0,0,1,1,0,0,0,0,0,0,0,0,0,
10401,花蓮縣光復鄉,大興村,218,576,321,255,2,2,0,3,1,5,2,3,6,3,0,3,1,3,2,4,7,1,2,2,3,2,3,2,3,4,4,1,4,4,8,3,3,3,5,5,4,5,2,4,4,2,8,2,5,1,6,1,1,4,2,3,2,3,4,5,2,2,6,4,5,3,3,3,3,3,2,3,3,7,3,3,8,1,3,2,3,1,6,5,6,1,2,4,5,2,5,5,6,4,0,3,3,5,7,6,6,5,7,6,5,3,6,0,12,5,4,1,6,3,9,2,4,5,5,6,7,9,4,5,5,5,3,4,7,2,6,2,4,4,2,1,3,1,3,3,2,2,5,1,0,1,1,2,1,4,1,5,3,1,1,0,0,1,1,3,5,1,3,1,1,1,1,4,0,1,2,1,0,1,3,1,1,1,3,0,0,0,2,1,1,0,1,0,0,0,0,0,0,0,0,0,0,0,0,0,0,0,0,0,0,0,
10401,花蓮縣光復鄉,大華村,600,1522,792,730,2,4,2,5,4,3,5,3,3,2,4,7,4,6,2,1,3,4,4,4,3,3,6,9,4,5,13,4,8,7,10,5,6,5,7,6,11,6,12,4,13,11,9,14,14,10,10,17,9,8,14,9,11,7,16,8,13,13,11,6,14,13,9,17,13,12,16,8,10,10,7,9,11,14,9,3,7,13,7,6,9,4,13,11,7,10,6,5,11,6,12,10,23,14,11,10,11,7,13,13,9,14,12,14,10,17,16,12,15,18,17,10,21,10,21,10,21,18,12,17,24,18,10,11,15,12,12,8,5,5,7,7,7,6,10,4,6,7,8,6,2,8,4,5,8,8,9,5,4,7,5,11,5,7,8,8,7,5,4,6,4,10,5,2,2,5,6,5,1,2,1,6,0,2,2,3,2,2,1,3,0,2,0,0,1,0,0,0,0,2,0,0,1,1,0,0,0,0,0,0,0,0,
10401,花蓮縣光復鄉,大豐村,199,538,310,228,2,1,3,1,5,0,2,1,1,1,4,2,2,0,2,0,0,1,0,3,3,0,3,1,3,0,1,1,1,1,2,2,0,0,4,2,0,1,3,6,5,4,1,1,6,3,3,7,5,2,1,2,4,2,5,1,3,2,2,1,3,1,2,2,3,4,5,2,1,4,5,5,6,0,4,1,3,3,5,0,3,4,8,5,4,3,4,4,10,5,6,1,12,2,4,5,5,1,8,1,7,6,5,6,8,2,3,1,6,3,4,1,5,4,5,5,9,4,0,3,5,5,3,3,4,0,2,0,4,3,3,1,4,3,2,2,0,3,3,3,3,6,1,3,4,4,1,8,1,5,5,4,4,5,3,3,4,4,5,4,2,4,1,3,2,2,3,2,4,2,4,2,0,0,1,1,1,1,0,1,0,1,1,1,0,0,0,0,0,1,1,0,0,0,0,0,0,1,0,0,0,0,
10401,花蓮縣光復鄉,大進村,217,546,291,255,1,1,1,2,2,1,2,2,0,0,3,0,0,1,1,2,2,1,1,1,2,2,2,1,3,1,2,1,1,1,3,1,3,2,1,4,5,1,2,4,11,3,5,3,8,4,6,5,4,7,4,3,11,3,4,5,1,3,4,4,3,4,4,4,3,2,3,3,4,2,4,1,5,1,2,0,5,2,1,2,4,2,2,5,2,3,3,0,4,5,5,2,3,2,4,4,3,6,4,4,7,4,6,6,6,3,4,6,7,3,6,4,8,3,7,3,5,5,6,6,8,12,4,3,3,0,2,2,2,3,6,3,0,5,2,10,1,4,0,4,3,5,2,4,2,6,4,3,4,1,1,0,1,3,5,3,0,4,3,1,2,2,1,2,0,3,2,1,3,4,2,0,1,0,0,1,0,0,2,0,0,0,0,0,0,0,0,0,0,0,0,0,0,0,0,0,0,0,0,0,0,0,
10401,花蓮縣光復鄉,大馬村,482,1194,618,576,4,4,6,4,3,1,3,1,3,4,4,3,5,4,3,5,5,3,5,6,6,6,5,3,7,4,4,3,10,3,4,5,6,5,9,2,11,5,8,12,6,8,7,5,7,7,8,10,9,7,5,9,9,8,6,7,2,7,8,7,7,5,8,6,11,9,16,10,6,6,5,8,6,7,9,5,5,3,7,8,4,4,11,4,4,7,6,6,12,4,12,10,12,5,9,12,12,12,10,5,17,13,14,10,8,8,14,14,11,11,16,11,15,6,12,11,16,7,17,13,15,10,5,6,9,9,10,4,8,8,8,3,6,8,5,8,3,6,3,2,4,7,6,10,4,7,1,10,5,9,2,5,4,5,6,5,3,8,3,5,1,3,4,3,1,3,4,5,3,4,0,6,1,2,0,0,0,2,2,2,0,4,1,1,1,2,0,2,0,3,0,0,0,0,0,0,0,0,0,1,0,0,
10401,花蓮縣光復鄉,東富村,399,1153,634,519,4,0,3,4,4,5,5,4,8,2,3,4,4,3,3,4,9,5,1,0,2,4,3,6,7,2,4,5,8,1,6,3,4,3,9,8,5,4,4,4,5,7,12,4,5,7,8,11,11,4,10,3,7,7,5,4,9,7,3,6,10,8,5,4,6,9,9,6,15,5,13,6,7,3,9,9,14,8,13,4,10,9,7,12,13,6,15,5,8,13,12,12,9,5,15,5,10,3,9,11,8,10,10,14,14,12,10,7,17,6,12,11,9,12,10,6,6,15,14,7,9,5,2,2,6,5,9,7,9,15,11,6,6,4,6,3,2,6,6,1,4,5,8,5,9,0,4,6,7,10,5,6,2,5,3,5,11,7,2,6,4,7,6,5,1,3,3,4,2,5,1,2,0,3,3,1,0,1,0,1,1,0,0,1,0,0,0,2,0,0,1,0,1,1,0,0,0,0,0,0,0,0,
10401,花蓮縣光復鄉,西富村,399,1091,577,514,6,5,5,4,2,4,3,8,3,3,3,4,2,3,6,3,2,3,4,0,4,0,3,5,2,4,2,4,1,3,4,3,3,5,9,6,7,2,7,5,10,7,8,6,7,9,8,9,5,7,4,5,10,3,5,9,3,2,13,10,9,9,6,6,11,9,5,9,9,2,8,3,4,1,6,9,9,6,3,5,7,4,8,6,9,10,11,3,8,6,6,3,15,7,9,1,11,5,8,4,11,13,13,8,11,5,12,13,6,7,15,7,8,12,16,9,9,9,14,7,12,5,10,9,6,10,5,11,7,10,6,16,4,3,7,9,6,6,10,2,7,5,4,1,5,11,3,4,8,8,8,5,3,8,2,5,3,10,6,5,7,4,4,4,1,3,2,4,4,1,1,4,1,1,2,4,1,2,1,2,0,1,1,0,0,0,0,0,0,1,0,0,0,0,1,0,0,1,0,0,1,0,
10401,花蓮縣豐濱鄉,新社村,269,683,377,306,4,1,2,1,1,1,0,4,2,2,0,1,0,2,2,0,1,1,2,0,2,2,2,1,3,3,2,2,4,3,2,0,5,1,2,5,2,7,2,5,9,6,8,4,5,2,8,2,5,5,3,4,6,1,3,6,2,3,3,4,9,3,8,5,2,4,5,3,5,4,6,2,1,4,11,2,7,1,4,3,4,1,4,3,10,7,6,4,9,2,9,7,6,7,8,8,9,3,13,7,11,4,5,5,10,8,10,4,7,7,5,9,8,3,9,3,6,4,7,5,4,2,8,3,2,4,3,0,4,2,3,2,1,4,2,4,0,6,2,3,4,3,3,5,3,3,3,5,1,6,3,5,2,5,4,2,3,4,3,6,1,3,3,3,1,3,1,4,1,1,1,3,0,1,2,0,1,1,2,0,0,1,0,0,0,0,0,1,0,0,0,0,0,0,0,0,0,0,0,0,0,0,
10401,花蓮縣豐濱鄉,港口村,312,821,462,359,3,3,2,1,3,2,1,1,3,3,2,1,1,0,2,1,1,2,1,2,4,1,1,3,6,3,4,1,1,3,4,2,3,2,1,3,6,2,5,3,5,3,6,3,2,2,2,2,4,3,4,4,0,3,3,4,4,4,5,2,8,6,8,6,4,3,3,4,7,6,8,1,13,4,12,5,9,3,10,10,6,4,9,5,10,6,9,3,10,5,13,4,12,7,10,1,10,3,8,6,10,5,9,7,9,11,14,8,6,8,11,3,4,2,10,7,11,4,7,7,9,6,8,11,7,8,8,10,2,3,5,7,3,3,5,7,3,5,1,5,1,4,10,5,1,11,4,4,1,3,3,4,5,3,4,5,2,5,1,2,2,3,3,3,3,2,2,2,2,1,1,4,1,0,1,3,3,2,0,0,1,1,0,2,0,0,0,1,1,0,0,0,0,0,0,0,0,0,0,1,0,0,
10401,花蓮縣豐濱鄉,磯崎村,157,411,220,191,1,1,1,1,3,2,0,1,0,2,0,1,0,0,0,0,0,0,1,0,0,0,2,0,2,1,2,1,1,2,3,1,1,4,2,0,1,1,1,2,0,1,3,3,2,3,4,3,3,1,3,1,1,2,4,4,5,1,1,5,5,2,3,3,1,7,2,3,4,1,6,4,3,1,5,1,6,2,4,1,3,1,1,3,3,1,2,2,3,3,3,5,7,1,6,3,5,2,4,3,4,11,5,7,5,5,8,3,4,5,5,5,9,4,4,3,3,2,6,5,3,5,5,5,2,3,3,2,2,1,3,2,1,0,3,4,2,1,2,1,0,1,0,0,2,1,2,1,1,2,1,2,1,2,0,2,1,1,0,1,1,1,0,1,1,0,3,1,1,2,1,1,1,2,0,2,0,1,0,0,0,0,0,0,1,0,0,0,1,0,0,0,0,0,0,0,0,0,0,0,0,0,
10401,花蓮縣豐濱鄉,豐濱村,729,2005,1090,915,5,9,6,4,6,8,6,6,7,4,9,4,3,6,10,2,3,10,8,7,7,6,8,7,6,5,2,9,11,8,11,7,7,6,5,7,10,7,5,10,5,14,9,11,11,9,10,13,11,7,15,8,18,12,6,8,13,12,7,11,12,16,13,10,21,22,19,19,17,15,18,12,19,14,24,10,21,5,23,13,21,8,21,13,24,14,25,8,16,10,26,16,24,13,29,10,24,15,25,9,33,9,23,13,19,14,22,14,16,9,14,16,20,21,21,21,19,5,16,16,16,14,12,13,19,12,15,16,6,11,9,11,6,16,9,13,9,13,5,12,8,15,12,11,8,18,7,7,9,15,11,11,9,9,4,5,7,9,2,15,5,4,8,4,5,4,7,7,2,7,1,3,3,3,2,4,1,3,2,1,1,0,1,0,2,2,1,0,1,0,0,0,0,0,0,0,0,0,0,0,0,0,
10401,花蓮縣豐濱鄉,靜浦村,274,764,448,316,2,1,2,2,0,1,0,1,3,1,0,2,1,1,3,1,5,3,2,2,2,2,5,1,3,2,0,3,0,1,3,2,2,1,6,2,7,3,6,5,5,6,8,3,4,6,6,4,3,5,4,1,6,5,8,2,5,4,3,2,3,3,7,6,6,4,7,7,5,1,6,2,4,4,7,2,9,5,10,4,6,2,8,5,9,3,10,4,7,5,16,1,10,7,14,6,15,1,3,3,6,6,17,3,11,2,8,7,9,1,8,4,12,1,10,6,5,2,9,6,6,8,5,3,5,4,4,5,4,10,7,6,4,5,1,3,3,7,3,10,4,5,4,4,3,2,5,8,3,7,3,2,2,3,1,4,2,6,4,3,2,1,0,3,4,4,0,3,2,2,1,3,1,1,3,1,0,2,0,1,0,0,1,1,0,1,0,0,0,0,0,0,0,0,0,0,0,0,0,0,0,0,
10401,花蓮縣瑞穗鄉,奇美村,117,409,233,176,2,0,1,3,1,0,2,1,3,2,1,1,0,3,2,0,1,0,3,2,4,2,2,3,3,2,1,3,3,3,1,6,2,3,2,5,7,1,3,2,1,2,3,4,3,4,2,2,3,0,5,0,1,3,5,1,4,1,4,4,2,4,2,1,9,0,5,2,4,4,4,2,4,1,3,1,2,4,3,5,5,1,5,3,0,1,4,4,6,2,6,3,6,2,1,3,2,3,10,3,5,4,3,1,6,3,2,3,4,3,4,2,2,3,4,0,5,2,1,2,5,2,3,1,3,1,3,1,1,0,3,3,1,2,1,2,1,2,3,2,3,3,1,1,1,2,0,2,1,1,1,2,1,0,2,3,0,0,0,2,0,0,2,2,0,1,1,1,1,0,0,1,0,1,0,1,0,0,1,0,0,1,0,1,0,0,0,0,0,0,0,0,0,0,0,0,0,0,0,0,0,0,
10401,花蓮縣瑞穗鄉,富民村,401,1036,562,474,3,3,4,6,4,2,4,2,1,2,2,2,5,5,2,4,2,4,3,4,4,3,4,5,2,7,3,3,6,8,7,8,6,4,8,9,8,7,5,5,8,11,7,7,9,3,8,6,6,8,7,2,8,7,5,3,8,4,11,8,8,8,5,5,6,6,10,6,13,8,7,10,6,8,12,8,11,5,8,9,7,6,6,10,19,6,17,3,7,3,14,4,9,4,11,5,11,4,13,6,9,8,4,9,9,5,7,8,9,7,15,8,14,8,6,7,11,4,5,8,10,6,9,5,4,3,10,10,2,3,6,8,3,4,8,4,4,8,4,5,5,7,4,7,4,5,3,3,4,5,3,5,1,1,1,5,3,4,3,2,5,3,2,7,1,3,3,1,2,3,0,4,1,1,2,1,0,2,0,1,0,0,3,0,0,0,3,0,0,0,0,0,0,0,0,0,0,0,0,0,0,0,
10401,花蓮縣瑞穗鄉,富源村,373,935,525,410,3,0,3,4,4,2,5,0,4,1,1,4,2,4,3,3,2,2,6,1,1,3,10,4,6,2,5,4,6,2,7,2,4,5,7,8,4,4,5,7,9,4,7,4,7,3,5,3,10,6,6,8,6,5,4,6,6,5,6,1,8,4,5,5,9,7,4,4,7,5,6,4,11,6,7,3,5,6,3,7,4,5,10,2,6,8,8,3,4,7,9,4,9,6,7,6,8,8,13,3,9,7,9,7,7,9,12,3,9,3,5,3,11,9,11,7,6,5,7,8,12,6,8,7,6,6,10,6,6,3,9,7,4,6,6,5,2,2,3,5,3,10,4,10,7,4,3,5,1,5,7,6,7,6,5,3,4,3,4,5,1,3,4,0,3,6,2,7,2,2,1,2,3,2,5,1,2,2,2,1,0,1,2,1,0,0,2,0,1,0,0,0,0,0,1,0,0,1,0,0,0,0,
10401,花蓮縣瑞穗鄉,富興村,301,719,415,304,1,1,1,2,2,0,4,0,0,1,0,1,4,1,3,0,2,2,1,2,5,3,3,0,3,1,4,6,3,1,0,6,4,1,4,4,5,2,5,2,6,3,3,3,5,3,5,5,7,1,5,2,3,6,6,3,5,2,6,1,5,3,5,2,1,4,4,4,3,1,5,0,3,2,1,1,4,2,5,6,1,6,5,8,4,4,6,3,8,4,12,4,4,7,9,2,9,2,8,5,3,9,13,4,12,2,8,3,9,5,10,7,11,5,7,7,7,2,6,4,7,6,7,6,4,1,9,5,7,7,3,6,5,3,5,3,0,4,1,1,5,5,9,3,3,3,3,6,7,4,6,5,4,7,2,3,3,2,3,3,3,4,4,13,5,6,3,3,5,1,2,1,2,1,1,2,1,0,0,3,1,1,1,0,0,0,0,0,0,0,1,1,0,0,0,1,0,1,0,0,0,0,
10401,花蓮縣瑞穗鄉,瑞北村,261,730,382,348,0,3,4,5,6,1,1,0,1,3,2,3,3,3,3,3,4,4,5,2,3,2,3,7,3,4,2,6,4,7,3,6,1,5,6,1,1,6,6,3,3,4,5,6,6,3,4,5,6,3,6,1,2,5,2,5,4,2,3,9,2,6,6,6,9,3,4,2,8,2,10,2,15,7,5,4,6,1,3,5,7,5,11,4,4,6,4,5,3,6,7,3,8,1,10,3,5,6,9,4,6,5,9,5,5,4,7,6,8,6,6,10,8,8,7,5,7,6,8,5,6,2,5,3,7,3,3,7,6,1,7,3,3,3,1,7,4,5,1,2,1,2,2,3,3,7,3,4,2,3,1,3,0,3,3,5,1,1,1,3,3,2,3,3,1,1,0,1,0,2,1,2,1,2,0,1,2,1,0,2,1,1,0,2,0,0,0,0,0,0,0,0,1,0,0,0,0,0,0,0,0,0,
10401,花蓮縣瑞穗鄉,瑞祥村,477,1129,588,541,4,2,4,5,2,6,2,2,2,5,4,2,0,4,2,2,4,2,6,4,8,5,4,8,3,6,6,3,6,2,2,5,6,6,4,8,4,3,1,7,6,9,3,8,4,7,5,10,6,4,8,6,7,6,8,1,4,4,9,6,8,8,9,8,12,8,18,7,9,7,10,12,9,10,5,6,6,2,8,4,8,6,5,11,9,4,12,9,5,7,12,2,10,8,5,4,11,7,11,15,12,7,16,13,10,8,12,6,8,6,13,8,11,11,8,9,15,10,19,6,9,10,8,10,14,7,14,7,7,6,8,10,4,7,7,7,7,6,2,8,8,4,4,4,8,4,4,7,5,6,7,7,1,5,2,7,4,0,2,7,4,2,3,2,1,5,1,6,1,3,3,2,3,5,4,3,1,0,1,1,1,3,0,1,0,1,0,1,0,0,0,0,0,0,0,0,0,0,0,0,0,0,
10401,花蓮縣瑞穗鄉,瑞穗村,914,2260,1190,1070,11,2,9,9,4,4,3,2,6,8,5,5,6,7,11,9,6,6,12,4,6,9,6,5,11,9,8,8,12,10,11,7,10,18,7,13,15,19,14,13,14,15,27,9,26,12,20,7,14,9,15,12,19,16,9,16,20,15,18,18,15,14,21,12,14,23,21,11,23,17,15,16,26,12,19,15,21,18,14,10,21,12,14,13,9,15,17,18,16,10,15,15,20,15,20,15,17,14,13,17,20,23,23,15,28,21,22,19,22,18,17,18,22,16,20,13,18,24,19,23,17,21,22,14,23,13,18,11,14,8,12,14,3,6,11,15,12,12,11,7,8,13,5,12,13,7,9,12,7,10,5,11,12,13,8,7,9,9,9,11,8,11,2,6,3,11,4,9,2,2,5,2,7,5,6,4,3,6,1,3,0,3,2,1,2,1,0,1,0,0,0,0,0,0,0,1,0,0,0,0,0,0,
10401,花蓮縣瑞穗鄉,瑞美村,800,2131,1091,1040,6,8,4,10,7,6,7,3,3,11,9,5,7,4,8,9,6,8,5,6,12,9,7,7,10,7,17,10,15,11,16,12,15,8,18,9,10,19,20,19,25,14,11,11,13,7,11,17,15,10,13,15,21,16,15,10,17,21,20,18,15,12,16,13,13,13,21,9,19,11,16,13,14,12,17,13,15,11,9,14,21,13,11,18,9,17,17,18,16,12,23,5,13,8,14,13,15,11,16,15,11,19,16,12,16,9,16,20,17,11,19,19,19,20,11,20,14,20,17,17,13,21,22,10,13,25,13,18,23,21,17,13,9,15,16,12,13,10,3,11,9,14,11,10,8,18,13,11,9,12,9,6,9,12,8,9,3,6,7,8,5,4,3,5,1,5,5,2,5,4,3,4,2,4,4,4,2,3,0,2,1,1,1,0,0,0,0,1,1,1,0,0,1,0,0,0,0,0,0,0,0,0,
10401,花蓮縣瑞穗鄉,瑞良村,246,639,338,301,0,4,1,0,1,0,3,1,2,1,3,2,1,1,3,4,3,2,3,4,2,4,4,2,4,6,2,2,2,1,5,1,1,4,5,4,4,6,1,6,4,3,1,1,6,3,6,3,2,5,2,5,8,3,6,3,6,5,6,5,2,2,6,2,3,9,3,5,3,4,5,4,6,0,5,2,6,2,3,3,4,4,6,2,4,5,3,6,6,6,5,2,6,5,3,2,5,4,4,5,5,6,5,2,9,6,2,1,7,8,8,9,3,7,8,2,5,3,5,5,6,5,7,5,7,2,3,7,5,5,6,5,5,3,2,2,7,3,2,3,1,2,5,3,3,2,3,2,4,3,0,3,3,4,3,1,6,4,3,4,2,1,3,4,1,1,1,0,1,1,1,0,1,3,0,2,0,5,1,0,2,1,1,0,0,0,0,0,0,0,1,0,0,1,0,0,0,0,0,0,0,0,
10401,花蓮縣瑞穗鄉,舞鶴村,425,1088,591,497,1,5,2,1,2,4,5,1,6,3,3,4,4,6,3,3,3,2,3,0,7,2,1,4,5,5,5,4,8,8,3,9,6,5,11,1,3,7,9,10,6,4,5,9,6,10,8,4,7,7,7,5,9,6,5,2,11,8,8,6,5,8,10,8,8,4,7,7,12,6,8,3,8,7,11,10,4,8,7,7,6,8,17,5,6,5,9,4,14,7,11,10,12,7,11,4,9,6,9,1,11,5,10,8,5,14,14,18,13,9,7,10,10,5,6,10,9,6,15,4,13,6,9,6,11,6,9,8,9,7,6,10,3,5,6,6,7,6,3,3,6,4,6,7,4,2,3,10,1,4,4,8,3,2,5,3,5,5,4,4,3,1,6,3,3,3,0,2,2,3,2,3,2,3,2,1,1,2,4,0,0,1,0,1,1,1,1,1,1,0,0,1,0,0,0,0,0,0,0,0,0,0,
10401,花蓮縣瑞穗鄉,鶴岡村,341,990,574,416,2,3,7,2,5,2,0,3,2,5,2,3,7,0,4,3,2,2,4,2,4,3,3,5,6,1,4,4,4,2,10,2,2,5,6,2,7,3,5,9,8,4,8,5,10,10,12,14,9,7,9,6,7,4,5,8,8,3,9,4,13,3,4,4,5,3,9,5,10,5,10,3,8,1,6,2,8,8,7,1,6,6,7,5,10,3,10,5,10,5,10,8,8,5,12,5,8,6,15,10,7,5,12,5,10,10,8,5,10,4,14,7,8,7,11,6,8,5,6,6,9,4,8,6,3,11,12,7,10,9,3,4,6,2,6,3,8,6,6,3,4,10,4,3,4,12,7,6,6,4,7,4,5,6,4,4,3,3,1,4,3,4,3,2,1,4,3,2,1,1,2,4,0,2,0,4,1,1,1,0,0,1,0,0,1,0,0,0,0,1,0,0,1,0,0,0,0,0,0,0,0,0,
10401,花蓮縣富里鄉,吳江村,222,570,319,251,1,3,1,2,2,1,2,1,2,1,1,0,1,2,1,3,4,2,5,4,2,4,4,2,0,2,3,4,2,3,0,1,2,3,2,4,4,5,5,5,2,3,8,4,2,1,4,4,1,1,2,2,5,2,2,5,6,2,3,4,3,1,6,3,2,5,1,0,8,4,5,4,2,0,4,4,3,4,6,4,3,4,6,2,9,1,5,2,5,4,9,2,7,3,14,0,10,4,4,2,5,3,4,2,7,2,10,2,6,1,5,3,4,2,8,8,4,3,4,5,2,3,4,2,2,4,5,1,4,6,4,3,0,4,5,4,4,3,1,3,2,1,2,4,4,5,2,2,5,2,1,3,2,5,4,4,3,2,2,2,2,3,0,2,3,4,0,2,3,2,1,3,0,4,0,0,1,1,0,0,1,2,1,1,0,0,0,0,0,0,0,0,0,0,0,0,0,0,0,0,1,0,
10401,花蓮縣富里鄉,學田村,267,767,429,338,2,1,7,2,0,1,2,2,6,1,3,3,4,2,3,3,1,3,2,3,2,3,7,6,5,3,4,6,7,9,3,3,4,3,5,3,3,6,2,5,3,8,4,6,3,3,5,8,5,1,6,4,3,2,6,4,2,3,3,4,4,8,4,5,4,4,2,2,7,3,5,6,4,1,6,3,9,4,7,4,8,3,4,2,6,2,9,6,12,2,10,6,5,4,5,7,8,8,9,5,8,1,9,5,10,4,8,5,9,8,11,4,8,6,6,6,7,3,3,1,10,5,5,4,5,5,5,4,7,6,2,5,1,5,3,0,1,5,5,0,4,3,5,3,1,8,6,3,4,2,7,8,4,3,8,7,3,2,3,3,1,2,4,1,2,4,3,0,1,3,2,2,1,0,0,2,2,2,2,0,0,0,1,1,0,0,1,0,0,0,0,0,1,0,0,0,0,1,0,0,0,0,
10401,花蓮縣富里鄉,富南村,223,611,334,277,1,1,4,5,3,4,6,1,2,4,1,0,1,2,3,1,1,0,1,1,3,3,2,0,6,2,2,3,1,2,1,4,2,3,2,1,3,2,2,1,1,7,5,2,1,4,6,1,3,7,2,3,7,2,3,2,2,7,6,5,5,4,5,8,6,5,7,3,6,4,5,7,7,1,6,3,5,3,6,2,1,2,8,2,3,0,3,2,9,5,7,2,5,4,3,4,10,1,5,1,7,6,4,6,5,3,6,5,5,8,8,3,5,1,9,7,7,6,9,8,9,1,5,5,5,7,5,3,1,5,5,3,2,3,4,5,0,2,2,4,1,1,0,0,2,2,3,3,3,3,3,3,2,4,2,2,0,2,4,3,2,3,1,6,2,3,4,0,0,0,3,2,1,0,0,2,2,0,0,1,0,1,0,0,1,1,0,0,0,1,0,0,0,0,0,0,0,0,0,0,0,0,
10401,花蓮縣富里鄉,富里村,591,1618,843,775,6,3,1,6,5,6,1,2,2,5,6,4,3,3,3,3,8,5,6,9,11,5,7,6,7,9,6,9,11,9,15,12,3,5,9,7,10,9,14,11,14,13,13,7,3,11,4,7,7,11,6,9,9,8,9,9,13,4,11,17,10,11,8,11,12,13,17,13,9,6,14,12,11,8,10,12,13,4,10,6,9,10,11,10,17,17,10,10,12,11,15,7,12,10,16,8,21,11,23,6,10,10,12,13,19,10,15,8,21,10,10,6,12,13,10,13,14,8,10,14,10,18,11,8,13,11,16,18,14,16,6,14,13,9,5,9,7,9,7,6,12,7,15,7,8,11,6,9,9,10,5,5,7,12,4,11,6,9,6,10,7,4,10,4,4,6,3,3,6,1,4,5,0,1,2,2,5,4,1,4,0,0,0,2,0,2,1,1,1,0,1,1,0,0,0,1,2,0,0,0,0,0,
10401,花蓮縣富里鄉,新興村,285,695,392,303,4,2,2,5,1,3,1,1,1,2,0,3,2,0,2,0,2,0,3,1,3,2,5,4,1,2,1,2,3,4,3,2,3,1,3,4,2,2,2,1,5,2,5,2,3,3,0,4,5,3,4,3,3,6,1,2,5,2,3,3,2,9,2,6,6,3,1,4,7,1,2,2,6,9,3,3,6,6,6,6,4,4,1,0,6,5,3,4,7,6,8,3,10,5,8,5,10,4,9,3,10,4,11,3,7,5,11,4,6,3,8,5,12,1,8,4,5,1,6,2,8,5,11,4,11,5,2,2,6,1,11,4,5,7,1,4,4,4,4,2,3,3,1,8,3,5,5,5,6,3,3,5,3,6,4,6,5,2,5,3,4,8,4,2,2,3,3,4,3,3,2,3,1,1,1,0,1,1,0,0,0,1,1,1,0,0,0,0,0,0,0,0,0,0,0,1,0,0,0,0,0,0,
10401,花蓮縣富里鄉,明里村,159,462,252,210,1,0,3,2,2,2,4,2,2,0,5,0,3,3,2,0,5,2,3,4,3,4,2,2,5,3,3,3,6,2,1,3,4,5,3,1,2,1,5,2,1,4,4,0,2,2,2,0,2,2,4,3,1,2,4,5,1,2,2,1,1,2,3,2,2,6,5,5,6,5,7,4,1,3,1,3,2,5,6,3,4,4,5,5,1,1,1,1,3,2,5,1,2,2,6,7,3,2,3,0,4,3,3,1,5,1,8,2,4,3,2,5,3,1,4,7,5,1,4,5,2,4,7,3,4,1,0,4,2,1,3,1,3,2,4,3,2,3,3,1,1,2,1,4,3,0,1,3,4,0,1,2,1,2,1,0,0,1,2,2,1,5,1,1,2,4,1,2,0,1,1,0,0,1,2,0,1,1,1,0,1,1,0,1,0,0,0,0,0,0,0,0,0,0,0,0,0,0,0,0,0,0,
10401,花蓮縣富里鄉,東里村,492,1208,676,532,7,4,3,4,1,3,4,4,4,3,3,2,3,5,2,0,3,3,1,2,1,1,4,3,1,2,4,5,3,5,8,8,6,5,6,7,6,6,6,7,9,5,6,8,6,10,10,6,13,4,8,2,7,5,11,6,8,4,8,4,4,3,5,4,6,3,6,5,12,5,9,4,21,9,8,7,22,9,7,5,10,6,6,8,14,5,11,11,11,8,14,11,28,4,11,7,9,8,16,9,7,4,13,12,9,7,13,6,11,5,10,10,16,5,8,4,8,10,11,3,13,7,7,14,8,7,15,10,5,7,7,9,4,11,10,8,6,6,6,7,8,7,11,7,5,7,10,5,7,10,10,6,8,7,5,4,5,8,3,6,5,11,1,6,4,3,5,5,1,10,2,2,0,2,0,2,1,2,2,3,1,1,1,0,0,2,0,0,0,0,0,0,1,0,1,0,0,0,0,0,0,0,
10401,花蓮縣富里鄉,永豐村,183,548,295,253,1,0,3,2,2,1,2,4,2,3,1,1,1,3,2,2,1,0,3,1,0,3,0,0,2,7,2,3,4,2,3,9,3,4,7,4,2,1,4,4,4,1,2,1,3,1,1,4,1,1,0,0,2,2,4,3,5,5,2,5,1,3,2,3,3,1,3,2,8,3,3,4,4,7,3,3,9,3,4,2,7,8,6,2,3,3,4,1,7,2,7,3,6,2,9,3,6,4,7,2,7,3,3,4,11,5,5,2,5,3,3,4,2,3,4,4,2,3,5,8,4,1,3,4,3,4,9,6,5,2,3,5,3,3,3,1,1,2,3,2,3,3,1,2,4,2,4,5,5,1,4,4,2,3,3,5,4,3,2,3,1,3,1,0,0,1,2,3,0,3,1,1,2,0,1,1,0,0,0,1,0,1,0,0,0,0,0,0,0,0,0,1,0,0,0,0,0,0,0,0,0,0,
10401,花蓮縣富里鄉,石牌村,368,1058,560,498,1,0,1,4,6,5,2,2,4,5,4,3,2,3,4,2,3,8,2,5,6,7,2,3,7,8,8,7,11,5,6,8,5,5,8,5,11,6,11,4,6,10,8,8,8,5,7,5,6,6,6,5,5,7,4,5,9,10,10,5,6,7,12,5,4,7,6,5,9,5,9,3,10,7,8,7,4,6,4,7,10,4,9,6,4,4,8,4,7,6,15,2,12,10,16,3,11,11,12,8,10,8,13,10,9,8,5,10,8,5,5,8,5,6,7,8,16,8,8,6,5,4,9,11,5,8,5,10,6,8,2,7,7,4,4,1,4,7,2,4,5,5,5,5,11,7,4,4,6,6,6,9,3,5,7,3,3,3,5,3,2,3,5,3,3,4,2,3,2,2,2,1,0,5,2,1,1,3,0,1,0,1,0,1,1,1,0,0,0,0,1,0,0,0,0,0,0,0,0,0,0,0,
10401,花蓮縣富里鄉,竹田村,487,1248,656,592,4,5,5,1,4,7,4,6,4,1,4,7,3,6,3,3,4,5,4,5,7,4,8,5,5,4,5,4,2,5,5,4,9,4,7,7,8,8,7,8,9,10,5,9,10,9,8,8,6,7,10,9,4,7,9,7,11,7,12,9,9,8,12,13,7,8,8,10,5,5,2,11,5,5,8,5,10,7,8,6,5,4,4,11,13,7,10,9,11,3,10,7,17,1,8,7,16,14,9,6,13,6,14,7,17,13,11,12,11,11,10,11,16,14,11,6,7,8,5,11,10,10,10,7,10,8,8,8,8,4,9,6,11,5,9,2,7,5,4,2,5,7,7,6,11,9,5,9,6,10,2,7,11,3,6,8,7,3,1,7,1,6,8,2,0,8,3,4,6,3,2,4,2,1,3,1,2,1,1,5,0,1,1,2,0,0,1,0,0,0,0,0,0,0,1,0,0,1,0,0,0,0,
10401,花蓮縣富里鄉,羅山村,178,497,272,225,1,2,1,2,6,2,2,1,1,2,5,1,2,2,3,2,0,0,1,2,3,3,0,3,3,2,3,3,3,0,1,6,2,5,1,2,3,3,4,1,1,3,3,2,2,3,0,3,6,1,1,3,2,2,2,2,1,1,3,2,2,3,1,4,4,5,3,4,4,2,3,1,3,2,5,2,3,2,5,3,8,5,4,4,5,6,4,3,5,5,7,3,4,0,3,2,2,2,7,3,6,1,6,2,3,2,3,1,7,3,5,5,6,2,2,4,9,2,6,4,3,3,4,4,2,4,5,2,3,2,5,3,3,4,4,4,2,5,4,3,0,2,2,6,2,2,5,1,2,1,6,2,2,4,0,1,3,4,2,0,3,3,2,2,2,0,2,2,0,1,0,0,0,1,2,0,0,0,0,1,0,2,1,1,0,0,0,1,0,1,0,0,0,0,0,0,0,0,0,0,0,0,
10401,花蓮縣富里鄉,萬寧村,245,791,464,327,2,4,5,2,2,6,0,3,3,4,2,4,1,3,3,1,4,1,7,6,3,4,3,2,4,1,2,2,2,2,1,3,3,4,6,5,1,6,3,3,4,2,2,4,4,1,6,4,6,7,3,2,3,5,4,3,2,3,6,3,3,8,7,11,6,6,8,4,2,4,3,3,7,3,7,7,8,5,10,2,6,6,7,5,7,2,9,4,7,2,7,3,8,1,4,4,8,5,6,5,8,6,10,3,5,7,7,2,10,6,9,5,7,6,9,4,12,2,14,4,7,6,8,2,9,4,13,4,12,6,8,7,10,6,4,5,8,0,5,3,3,3,6,4,2,6,5,7,6,2,3,5,2,1,6,4,4,1,2,4,4,3,6,1,1,2,2,1,0,1,3,1,1,1,2,0,2,1,0,0,2,0,0,0,0,0,0,0,0,0,0,1,0,0,0,0,0,0,0,0,0,0,
10401,花蓮縣富里鄉,豐南村,292,744,407,337,4,3,1,4,4,1,3,2,2,3,2,3,0,2,1,2,1,4,2,2,2,5,4,3,2,2,6,4,4,9,7,2,2,2,3,8,3,4,5,7,5,2,2,5,5,4,5,5,7,3,3,3,2,4,5,3,5,8,5,4,3,2,5,4,3,0,6,4,7,2,4,4,3,6,7,3,4,5,7,4,6,2,3,6,9,4,6,2,6,5,9,5,7,5,9,5,8,2,7,8,11,5,11,4,9,4,6,3,2,8,8,2,8,3,6,4,8,9,7,9,10,5,6,6,8,4,10,7,3,0,8,2,2,9,3,2,4,1,1,1,2,4,4,4,5,4,4,2,3,3,1,3,2,5,12,4,4,4,2,2,1,3,1,7,3,2,2,3,2,2,0,2,2,2,0,0,0,1,2,0,2,0,0,0,0,1,1,0,0,0,0,0,0,0,0,0,0,0,0,0,0,0,
10401,花蓮縣秀林鄉,佳民村,363,1200,612,588,13,3,8,8,4,16,5,4,5,5,2,7,4,5,6,5,7,4,4,11,4,13,5,4,12,9,13,8,9,8,8,9,10,7,12,11,16,7,8,12,13,9,12,11,10,9,7,13,12,10,6,3,16,11,9,6,10,7,11,5,8,12,8,7,12,13,14,14,8,8,14,11,12,4,13,4,10,9,3,6,13,11,7,7,5,6,14,10,9,11,12,7,10,15,9,10,16,7,7,8,3,4,11,7,11,11,8,13,7,7,16,11,8,12,6,3,4,5,6,8,9,6,7,7,4,11,3,10,4,5,7,2,2,4,3,6,2,3,4,1,4,7,2,0,1,3,3,2,1,3,0,0,1,1,4,3,1,0,1,2,0,3,0,3,0,1,0,1,2,1,1,0,0,0,0,1,0,0,0,0,0,0,1,1,0,0,0,0,0,0,0,0,0,0,0,0,0,0,0,0,0,0,
10401,花蓮縣秀林鄉,和平村,568,1738,921,817,10,8,6,13,10,12,12,14,8,9,11,8,11,10,11,10,7,9,17,9,11,10,12,13,16,11,19,12,19,14,20,18,17,22,18,14,10,9,17,15,13,14,16,10,12,12,11,5,16,8,10,11,12,14,10,11,18,9,19,20,13,14,18,12,23,15,18,17,8,16,20,13,11,14,13,13,10,14,17,14,18,12,10,15,15,11,15,12,12,10,17,11,14,9,14,13,16,8,19,8,10,8,15,20,13,10,12,10,12,15,15,12,16,6,9,9,15,9,7,11,9,6,13,9,7,4,7,8,8,3,8,7,4,4,1,8,4,2,2,4,2,2,2,4,3,5,2,1,4,2,3,6,0,3,3,5,3,2,2,4,1,3,1,1,0,3,3,1,2,0,0,0,1,3,0,0,1,0,0,1,1,1,0,0,0,0,0,0,0,0,0,0,0,0,0,0,0,0,0,0,0,0,
10401,花蓮縣秀林鄉,富世村,685,2184,1140,1044,17,13,12,11,12,6,9,10,7,12,13,15,13,8,8,6,7,9,8,14,11,13,11,10,12,11,20,16,21,17,16,25,27,21,21,19,12,20,38,21,29,19,25,20,27,19,15,19,16,27,9,15,20,8,19,15,16,10,15,14,15,18,16,15,18,14,12,16,10,20,16,15,15,17,17,14,18,17,21,12,14,11,17,10,16,11,16,20,25,16,19,19,19,16,19,8,18,10,25,20,23,21,25,11,15,17,25,15,12,16,22,14,17,14,11,11,16,14,19,9,11,9,12,6,14,11,7,9,9,11,8,8,4,7,6,6,2,3,4,4,2,3,3,4,6,8,2,6,3,6,1,8,1,5,2,2,2,2,7,8,1,6,3,7,1,7,1,5,4,3,1,0,1,1,0,0,1,2,1,0,0,0,0,3,1,0,0,0,0,0,0,0,0,0,2,0,0,0,0,0,0,0,
10401,花蓮縣秀林鄉,崇德村,542,1753,910,843,15,10,11,11,13,6,18,9,12,5,10,9,9,6,12,8,10,8,12,9,6,9,6,11,16,6,16,20,21,8,9,14,19,18,19,17,20,13,14,16,13,21,21,10,11,12,14,20,14,16,15,16,18,12,13,14,14,9,9,10,8,13,16,14,18,21,23,6,8,17,25,11,8,17,14,19,10,13,13,9,16,13,15,16,14,13,10,12,15,12,17,12,11,14,10,10,19,12,12,16,8,10,15,15,10,8,9,10,17,9,11,14,15,13,12,14,7,5,5,12,16,5,9,11,10,6,5,6,8,4,6,6,6,7,4,4,3,5,2,2,3,6,1,6,6,4,5,3,0,0,3,4,2,4,2,3,0,2,2,3,1,6,1,3,1,2,2,1,1,0,3,3,0,1,0,0,4,1,2,0,0,0,0,0,0,1,0,1,0,0,1,0,0,0,0,0,0,0,0,0,0,0,
10401,花蓮縣秀林鄉,文蘭村,380,1346,702,644,7,3,9,6,11,9,7,6,7,6,10,8,6,6,9,6,12,7,8,9,9,11,13,9,11,9,6,10,10,9,9,13,10,12,16,11,17,16,24,13,13,15,11,16,12,10,8,15,9,15,8,11,5,6,9,6,10,7,10,11,11,9,11,10,10,6,13,6,13,15,12,8,8,7,12,15,12,9,10,3,11,12,6,15,15,11,9,10,15,7,13,11,9,9,15,5,11,10,16,9,12,7,9,9,15,8,7,2,7,9,9,9,7,10,13,6,8,12,6,11,10,6,6,4,3,1,7,4,4,7,5,6,2,5,4,3,3,4,1,3,5,1,3,5,2,2,2,4,1,2,3,1,0,0,0,4,2,4,1,3,1,1,0,3,1,1,0,2,1,1,0,3,0,0,3,2,1,0,0,1,0,0,0,0,0,0,0,0,0,0,0,0,0,0,0,0,0,0,0,0,0,0,
10401,花蓮縣秀林鄉,景美村,714,2171,1125,1046,18,13,13,13,7,6,8,5,5,11,9,9,6,10,11,11,8,9,7,13,16,16,19,18,20,18,11,17,15,24,17,25,19,18,16,25,25,21,28,21,28,23,28,19,26,17,17,21,24,17,13,6,15,14,17,19,12,20,20,17,17,11,18,10,16,15,16,17,18,13,16,15,21,10,16,20,17,11,10,20,19,9,23,13,16,17,21,20,16,15,16,15,20,15,16,14,17,16,25,20,21,13,11,10,28,15,15,16,15,12,15,15,14,11,18,22,16,14,9,18,12,16,9,6,11,8,10,8,15,10,7,5,5,10,9,4,10,5,3,2,3,4,2,3,3,4,2,3,2,2,3,5,2,2,2,1,1,2,0,2,1,4,0,1,5,2,1,4,1,3,2,2,2,0,2,4,2,1,1,1,1,1,1,0,1,0,0,1,0,1,0,1,0,0,0,0,0,0,0,0,0,0,
10401,花蓮縣秀林鄉,水源村,419,1462,770,692,14,14,13,8,16,5,8,11,10,9,7,8,11,9,4,7,10,9,7,13,15,7,9,4,13,9,11,7,14,12,12,10,20,13,13,15,17,16,13,12,25,20,13,21,13,10,16,15,11,14,16,9,11,14,5,7,16,10,14,13,13,5,11,9,12,8,9,14,9,7,10,15,13,13,13,11,13,8,16,14,15,11,8,10,10,14,12,7,17,12,4,8,9,14,12,6,14,7,7,7,11,5,13,5,12,7,11,10,8,9,6,6,13,9,8,4,7,3,9,6,3,7,5,7,9,4,4,11,2,6,5,4,3,7,1,1,6,6,4,1,5,3,1,3,3,2,3,3,1,4,1,4,1,2,1,6,1,1,2,1,1,2,1,2,0,3,0,1,1,1,2,1,0,2,1,0,0,0,0,0,0,1,0,0,0,1,1,0,0,0,0,0,0,0,0,0,0,0,0,0,0,0,
10401,花蓮縣秀林鄉,秀林村,687,2188,1080,1108,21,15,16,25,13,12,19,14,10,11,10,10,9,16,10,7,13,11,10,15,10,6,10,11,11,14,9,13,14,18,15,20,18,13,22,19,25,22,24,26,29,14,22,22,15,26,19,20,16,20,12,20,25,14,21,16,16,12,19,13,18,19,15,19,14,16,17,10,19,21,17,14,12,15,11,11,12,21,16,19,17,20,17,14,13,13,21,13,17,21,19,13,15,21,15,17,14,10,16,12,6,17,17,21,28,20,18,15,21,16,23,14,21,17,14,14,14,11,11,17,5,14,9,11,11,14,15,10,7,9,11,10,6,5,7,4,4,6,1,5,4,7,2,2,3,5,2,3,2,7,1,4,0,5,2,2,3,5,1,1,1,2,1,2,1,1,1,2,2,3,1,2,0,3,2,1,0,2,1,0,2,1,0,1,0,0,1,1,0,2,0,0,0,0,0,0,0,0,0,0,0,0,
10401,花蓮縣秀林鄉,銅門村,418,1467,771,696,11,8,9,7,9,8,8,5,5,9,12,8,4,4,4,6,12,7,8,8,13,9,8,6,8,17,9,9,14,10,12,7,13,7,8,11,14,17,18,13,17,13,12,13,15,13,14,14,11,8,15,10,10,12,10,8,17,12,15,11,11,17,16,13,17,13,12,14,17,6,8,11,13,14,11,8,15,18,14,6,11,12,10,7,11,5,11,10,13,10,12,4,14,6,8,18,13,8,12,13,15,13,5,10,16,10,12,13,10,18,11,10,8,7,17,11,10,5,11,9,8,7,7,5,8,4,8,8,3,4,7,6,2,3,4,2,4,4,0,4,1,3,1,3,2,2,2,2,4,0,0,5,2,4,1,3,0,2,2,4,1,2,0,1,2,1,0,2,1,0,0,1,1,1,0,1,1,0,0,1,0,0,0,0,0,1,0,0,0,0,0,1,0,0,0,0,0,0,0,0,0,0,
10401,花蓮縣萬榮鄉,明利村,283,837,449,388,2,1,6,2,3,2,8,1,7,10,5,1,3,4,13,2,2,7,5,2,5,5,4,5,4,6,5,4,2,7,9,6,9,4,4,6,10,9,6,12,6,8,8,10,15,3,5,6,5,5,8,7,8,4,5,4,4,6,3,5,9,5,7,7,9,7,8,4,5,5,5,8,8,7,8,3,8,5,8,7,5,6,6,3,3,4,12,11,5,2,6,4,3,9,3,5,4,9,5,2,11,8,10,6,9,3,8,11,8,4,9,10,13,5,7,3,7,4,5,5,6,6,7,4,4,2,8,4,3,4,2,3,4,5,6,4,0,4,1,3,0,1,3,0,2,2,0,2,1,1,3,1,0,1,1,1,1,0,1,0,1,2,0,1,0,2,1,0,1,1,0,2,0,1,0,1,0,0,0,1,0,2,0,0,0,1,0,0,0,0,0,0,0,0,0,0,0,0,0,0,0,0,
10401,花蓮縣萬榮鄉,紅葉村,441,1317,712,605,5,5,7,2,3,9,4,4,6,3,8,8,8,6,7,6,9,5,5,6,7,2,3,7,8,5,7,3,5,11,9,13,11,11,13,11,8,8,9,12,12,9,13,5,13,10,11,12,14,22,12,15,14,12,20,10,11,12,14,4,9,4,15,13,22,8,14,7,16,9,14,7,10,11,16,11,18,13,6,9,13,7,13,8,6,4,13,7,12,6,5,5,13,10,10,10,10,7,15,10,14,12,15,12,14,13,11,15,13,8,10,10,12,10,7,5,10,7,9,6,9,5,6,6,3,5,5,3,8,8,7,6,7,6,3,4,4,5,2,1,2,4,2,3,2,6,2,4,1,4,2,0,1,2,0,0,1,1,1,3,0,4,1,3,0,0,0,2,0,1,0,1,0,2,0,0,0,1,0,0,1,1,0,0,0,1,0,0,1,1,0,0,0,0,0,0,0,0,0,0,0,0,
10401,花蓮縣萬榮鄉,萬榮村,309,949,494,455,4,3,5,5,3,6,6,6,5,4,6,4,4,7,6,7,6,4,7,8,5,5,7,6,8,6,10,10,4,4,13,9,8,11,4,9,13,8,11,8,10,3,10,10,10,10,12,7,3,12,12,5,11,2,6,6,6,4,5,9,10,6,5,9,8,5,10,9,6,6,6,2,13,5,10,9,6,4,7,8,14,10,8,7,3,6,6,4,11,8,5,5,10,3,8,10,6,6,9,3,5,8,11,9,4,7,11,8,6,4,8,4,6,8,4,4,4,8,6,4,8,9,2,6,5,4,4,6,3,6,2,4,2,2,1,3,4,3,2,3,1,2,4,1,1,1,0,1,1,0,2,3,0,1,0,2,1,3,1,1,1,1,0,0,2,2,0,0,1,0,0,1,0,0,0,1,0,0,0,0,0,0,0,0,0,0,0,1,0,0,0,1,0,0,0,0,0,0,0,0,0,0,
10401,花蓮縣萬榮鄉,西林村,454,1386,710,676,7,10,8,12,4,7,10,6,9,9,7,9,4,9,8,7,7,6,9,7,3,8,10,5,6,5,12,2,5,5,9,13,11,10,12,11,9,18,9,13,19,14,19,10,13,13,14,15,17,12,12,12,8,13,12,7,9,8,11,11,13,10,8,10,14,15,14,11,16,4,10,9,11,7,16,9,14,3,15,8,10,9,12,11,4,11,9,9,8,9,10,5,9,7,11,23,10,10,16,9,6,11,9,11,14,10,8,9,14,8,11,3,9,9,10,11,10,8,11,10,5,8,12,2,5,7,7,4,2,6,3,10,7,6,4,7,6,1,4,3,1,6,3,5,4,3,3,3,3,0,1,5,2,1,1,3,1,3,0,5,0,3,1,1,1,3,2,1,1,4,0,2,1,3,1,1,2,0,0,2,0,1,1,0,0,1,0,0,0,0,0,0,0,0,1,0,0,0,0,0,0,0,
10401,花蓮縣萬榮鄉,見晴村,221,677,356,321,8,4,3,5,4,2,4,2,1,2,7,4,3,2,3,7,3,3,5,5,2,2,6,3,0,2,6,2,6,7,7,4,4,6,5,6,9,11,10,8,13,8,8,8,8,10,8,13,0,7,2,11,5,2,3,7,3,2,4,4,2,5,10,4,6,4,9,3,3,6,6,2,6,3,6,4,3,1,4,3,3,5,9,2,8,2,10,3,6,8,7,7,8,6,6,5,12,5,8,4,5,5,8,7,3,2,3,5,4,8,6,2,6,3,6,3,3,2,0,3,1,4,1,3,4,2,1,3,1,0,4,2,3,1,2,1,0,1,1,4,0,2,2,0,3,3,0,3,0,0,1,0,1,1,1,2,1,0,1,3,0,0,1,0,0,0,0,0,1,2,0,1,0,0,0,0,0,1,0,0,0,1,0,0,0,0,0,0,0,0,0,0,0,0,0,0,0,0,0,0,0,0,
10401,花蓮縣萬榮鄉,馬遠村,380,1359,724,635,3,5,3,11,3,11,7,7,9,4,6,10,8,3,9,6,3,12,3,5,9,5,6,11,4,14,11,7,4,8,15,8,18,4,19,7,11,14,10,18,16,15,13,16,10,10,15,19,16,13,13,19,11,14,21,14,13,13,13,12,11,6,14,8,16,12,9,11,14,4,14,3,15,14,15,8,10,13,14,11,17,8,9,6,12,10,8,9,12,12,11,8,10,11,7,7,13,8,16,11,10,8,15,7,20,4,14,9,7,11,9,8,11,8,12,2,11,8,6,8,4,2,6,8,7,8,5,2,3,1,1,3,3,2,2,3,2,4,6,2,3,0,2,1,2,2,3,2,0,2,2,4,1,2,1,4,0,0,1,6,3,2,1,0,0,0,0,0,0,2,0,2,0,1,1,0,1,0,0,1,0,0,0,0,0,1,0,0,0,0,0,0,0,0,0,0,0,0,0,0,0,0,
10401,花蓮縣卓溪鄉,卓清村,331,1319,723,596,10,13,11,13,6,10,12,10,12,7,6,7,13,7,10,2,5,8,4,8,3,7,7,5,8,3,10,6,6,8,5,5,6,10,12,11,13,13,12,9,17,12,15,14,23,9,10,11,18,14,9,12,13,8,10,9,11,7,12,15,15,8,13,11,15,13,8,6,15,9,12,2,19,7,11,8,14,13,11,8,8,9,14,8,12,9,14,5,6,11,20,8,10,8,11,18,12,9,12,12,10,9,10,3,9,13,14,6,15,2,7,9,7,5,10,6,8,2,4,9,8,6,11,4,2,6,4,6,4,3,6,4,3,4,2,1,2,6,2,1,5,2,1,3,1,2,1,1,2,1,1,4,0,1,0,1,2,4,1,2,0,1,0,3,2,5,1,0,0,1,1,1,1,2,2,0,1,1,0,0,0,1,1,0,1,0,0,0,0,0,0,0,0,0,0,0,0,0,0,0,0,0,
10401,花蓮縣卓溪鄉,卓溪村,245,865,480,385,2,3,2,6,5,3,3,3,6,2,4,3,6,2,6,2,4,1,4,3,3,5,4,6,3,5,4,4,1,6,9,2,7,3,10,1,6,5,9,4,7,7,6,10,17,10,13,6,5,10,9,8,12,5,9,8,4,7,5,8,11,2,12,6,6,8,5,5,10,5,9,6,9,5,7,3,6,4,7,5,11,7,5,6,9,4,5,9,10,4,12,4,10,8,6,4,8,4,7,5,12,6,10,9,6,8,8,5,8,8,6,6,6,4,6,5,8,8,7,6,5,6,3,8,5,0,2,4,8,4,5,3,4,7,3,7,0,1,0,2,3,2,1,2,2,1,5,4,2,0,1,2,0,2,1,1,0,2,0,0,1,0,0,2,1,0,0,0,0,1,0,0,0,0,0,1,0,2,1,1,0,0,0,1,0,1,0,0,0,0,0,1,0,0,0,0,0,0,0,0,0,0,
10401,花蓮縣卓溪鄉,古風村,324,1168,644,524,6,5,6,10,3,3,8,7,4,6,9,5,6,0,8,7,6,3,6,10,6,4,5,5,2,3,10,2,8,6,3,5,7,9,13,8,10,13,8,6,8,10,6,5,10,12,4,8,7,10,11,11,10,13,16,8,6,11,8,8,10,18,16,3,9,8,12,5,17,8,15,8,7,8,14,4,11,5,13,11,23,7,10,2,12,6,12,10,18,9,11,6,10,10,17,4,8,7,7,10,18,9,16,8,9,8,7,10,7,6,8,7,12,2,5,5,12,10,8,5,5,5,3,6,2,7,5,13,6,4,1,6,8,3,4,3,2,3,2,2,4,2,1,3,2,5,2,4,1,4,2,4,1,2,2,2,0,1,2,2,2,3,4,1,1,0,1,0,3,1,0,1,2,0,0,0,0,1,2,1,0,0,0,2,0,1,0,0,0,0,0,0,0,0,0,0,0,0,0,0,0,0,
10401,花蓮縣卓溪鄉,太平村,228,892,467,425,8,5,10,4,8,6,7,0,6,4,2,3,2,4,6,5,5,6,5,4,5,4,7,5,8,3,5,8,3,10,4,3,7,6,4,2,5,4,13,8,4,6,12,10,3,13,11,7,7,13,7,9,9,6,7,9,3,9,8,6,7,7,8,6,5,11,11,4,7,7,2,6,4,7,5,9,6,8,7,7,4,5,5,2,6,9,13,6,11,6,6,3,12,7,6,10,9,7,9,8,10,10,11,8,12,4,7,9,9,4,5,8,9,7,9,2,12,2,4,3,3,2,4,2,4,4,2,1,3,1,2,2,0,1,3,2,1,4,1,4,0,1,4,3,1,1,0,1,1,4,3,4,0,2,2,4,1,2,1,2,2,0,0,0,0,0,1,0,0,0,1,1,1,1,1,0,2,0,0,0,0,0,0,0,0,1,0,0,0,0,1,0,0,1,0,0,0,0,0,0,0,0,
10401,花蓮縣卓溪鄉,崙山村,177,690,389,301,4,8,8,3,5,7,5,5,1,2,6,6,2,3,6,2,2,5,5,3,3,3,1,2,0,0,5,0,5,0,4,3,5,5,3,6,4,5,7,4,7,7,8,14,3,4,5,4,7,4,7,8,8,4,2,6,12,7,9,5,10,4,6,2,11,10,3,3,6,6,7,5,13,3,7,3,1,2,1,1,8,5,5,5,8,4,5,2,9,3,4,2,5,8,10,3,5,2,7,4,15,5,5,8,9,3,10,5,4,4,7,2,4,4,3,3,1,5,7,2,5,3,2,0,4,2,6,3,5,2,3,4,3,5,1,2,2,1,1,1,2,1,1,4,0,0,0,4,0,4,3,1,1,1,0,0,1,1,0,1,2,0,0,3,0,1,0,1,0,1,0,0,1,1,1,1,0,0,0,0,0,0,0,0,0,0,0,0,0,0,0,0,0,0,0,0,0,0,0,0,0,0,
10401,花蓮縣卓溪鄉,立山村,375,1259,699,560,11,2,6,7,8,4,7,3,5,5,8,5,6,6,5,4,6,3,2,7,3,7,4,6,12,5,7,7,6,4,14,4,7,5,16,8,8,7,4,12,8,8,8,14,11,8,9,11,13,12,9,11,12,10,16,11,13,10,16,6,15,13,11,4,11,11,14,6,14,8,13,6,5,11,12,6,15,4,12,4,13,3,17,7,11,9,10,7,14,6,10,6,13,11,11,10,11,9,13,16,10,9,12,5,15,10,19,7,13,10,10,5,8,10,18,9,12,8,4,8,6,3,6,11,9,8,6,5,5,3,2,7,6,9,4,2,4,4,2,8,7,6,2,1,0,0,3,4,0,4,2,5,0,1,2,2,0,3,4,5,0,1,1,4,0,0,0,3,0,1,0,2,0,0,0,1,1,1,1,1,0,1,0,0,0,1,0,1,0,1,0,0,0,0,0,0,0,0,0,0,0,1,
